INSERT INTO cms_column (SEQ_ID,COLUMN_NAME,COLUMN_TITLE,STATION_ID,PARENT_ID,COLUMN_PATH,ARCHIVE,TEMPLATE_INDEX_ID,TEMPLATE_ARTICLE_ID,CREATE_ID,CREATE_TIME,COLUMN_INDEX,PAGING,MAX_INDEX_PAGE,PAGING_NUMBER,URL,SHOW_MAIN,VISIT_USER,EDIT_USER,NEW_USER,DEL_USER,REL_USER,EDIT_USER_CONTENT,APPROVAL_USER_CONTENT,RELEASE_USER_CONTENT,RECEVIE_USER_CONTENT,ORDER_CONTENT) VALUES 
 (63,'信息公开','',13,0,'xxgk',0,34,35,0,'2012-06-04 15:46:25',11,0,0,0,NULL,1,'0||','0||','0||','0||','0||','0||','0||','0||','0||','0||');
INSERT INTO cms_column (SEQ_ID,COLUMN_NAME,COLUMN_TITLE,STATION_ID,PARENT_ID,COLUMN_PATH,ARCHIVE,TEMPLATE_INDEX_ID,TEMPLATE_ARTICLE_ID,CREATE_ID,CREATE_TIME,COLUMN_INDEX,PAGING,MAX_INDEX_PAGE,PAGING_NUMBER,URL,SHOW_MAIN,VISIT_USER,EDIT_USER,NEW_USER,DEL_USER,REL_USER,EDIT_USER_CONTENT,APPROVAL_USER_CONTENT,RELEASE_USER_CONTENT,RECEVIE_USER_CONTENT,ORDER_CONTENT) VALUES 
 (64,'会议之窗','',13,0,'hyzc',0,34,35,0,'2012-06-04 15:47:09',10,0,0,0,NULL,1,'0||','0||','0||','0||','0||','0||','0||','0||','0||','0||');
INSERT INTO cms_column (SEQ_ID,COLUMN_NAME,COLUMN_TITLE,STATION_ID,PARENT_ID,COLUMN_PATH,ARCHIVE,TEMPLATE_INDEX_ID,TEMPLATE_ARTICLE_ID,CREATE_ID,CREATE_TIME,COLUMN_INDEX,PAGING,MAX_INDEX_PAGE,PAGING_NUMBER,URL,SHOW_MAIN,VISIT_USER,EDIT_USER,NEW_USER,DEL_USER,REL_USER,EDIT_USER_CONTENT,APPROVAL_USER_CONTENT,RELEASE_USER_CONTENT,RECEVIE_USER_CONTENT,ORDER_CONTENT) VALUES
 (65,'民政互动','',13,0,'mzhd',0,34,35,0,'2012-06-04 15:47:58',9,0,0,0,NULL,1,'0||','0||','0||','0||','0||','0||','0||','0||','0||','0||');
INSERT INTO cms_column (SEQ_ID,COLUMN_NAME,COLUMN_TITLE,STATION_ID,PARENT_ID,COLUMN_PATH,ARCHIVE,TEMPLATE_INDEX_ID,TEMPLATE_ARTICLE_ID,CREATE_ID,CREATE_TIME,COLUMN_INDEX,PAGING,MAX_INDEX_PAGE,PAGING_NUMBER,URL,SHOW_MAIN,VISIT_USER,EDIT_USER,NEW_USER,DEL_USER,REL_USER,EDIT_USER_CONTENT,APPROVAL_USER_CONTENT,RELEASE_USER_CONTENT,RECEVIE_USER_CONTENT,ORDER_CONTENT) VALUES
 (66,'公共服务','',13,0,'ggfw',0,34,35,0,'2012-06-04 15:48:33',8,0,0,0,NULL,1,'0||','0||','0||','0||','0||','0||','0||','0||','0||','0||');
INSERT INTO cms_column (SEQ_ID,COLUMN_NAME,COLUMN_TITLE,STATION_ID,PARENT_ID,COLUMN_PATH,ARCHIVE,TEMPLATE_INDEX_ID,TEMPLATE_ARTICLE_ID,CREATE_ID,CREATE_TIME,COLUMN_INDEX,PAGING,MAX_INDEX_PAGE,PAGING_NUMBER,URL,SHOW_MAIN,VISIT_USER,EDIT_USER,NEW_USER,DEL_USER,REL_USER,EDIT_USER_CONTENT,APPROVAL_USER_CONTENT,RELEASE_USER_CONTENT,RECEVIE_USER_CONTENT,ORDER_CONTENT) VALUES
 (67,'政务督查','',13,0,'zwdc',0,34,35,0,'2012-06-04 15:49:39',7,0,0,0,NULL,1,'0||','0||','0||','0||','0||','0||','0||','0||','0||','0||');
INSERT INTO cms_column (SEQ_ID,COLUMN_NAME,COLUMN_TITLE,STATION_ID,PARENT_ID,COLUMN_PATH,ARCHIVE,TEMPLATE_INDEX_ID,TEMPLATE_ARTICLE_ID,CREATE_ID,CREATE_TIME,COLUMN_INDEX,PAGING,MAX_INDEX_PAGE,PAGING_NUMBER,URL,SHOW_MAIN,VISIT_USER,EDIT_USER,NEW_USER,DEL_USER,REL_USER,EDIT_USER_CONTENT,APPROVAL_USER_CONTENT,RELEASE_USER_CONTENT,RECEVIE_USER_CONTENT,ORDER_CONTENT) VALUES
 (68,'应急处理','',13,0,'yjcl',0,34,35,0,'2012-06-04 15:50:12',6,0,0,0,NULL,1,'0||','0||','0||','0||','0||','0||','0||','0||','0||','0||');
INSERT INTO cms_column (SEQ_ID,COLUMN_NAME,COLUMN_TITLE,STATION_ID,PARENT_ID,COLUMN_PATH,ARCHIVE,TEMPLATE_INDEX_ID,TEMPLATE_ARTICLE_ID,CREATE_ID,CREATE_TIME,COLUMN_INDEX,PAGING,MAX_INDEX_PAGE,PAGING_NUMBER,URL,SHOW_MAIN,VISIT_USER,EDIT_USER,NEW_USER,DEL_USER,REL_USER,EDIT_USER_CONTENT,APPROVAL_USER_CONTENT,RELEASE_USER_CONTENT,RECEVIE_USER_CONTENT,ORDER_CONTENT) VALUES
 (70,'今日要闻','',13,0,'jryw',0,34,35,1,'2012-06-04 16:35:06',12,0,0,0,NULL,0,'0||','0||','0||','0||','0||','0||','0||','0||','0||','0||');
INSERT INTO cms_column (SEQ_ID,COLUMN_NAME,COLUMN_TITLE,STATION_ID,PARENT_ID,COLUMN_PATH,ARCHIVE,TEMPLATE_INDEX_ID,TEMPLATE_ARTICLE_ID,CREATE_ID,CREATE_TIME,COLUMN_INDEX,PAGING,MAX_INDEX_PAGE,PAGING_NUMBER,URL,SHOW_MAIN,VISIT_USER,EDIT_USER,NEW_USER,DEL_USER,REL_USER,EDIT_USER_CONTENT,APPROVAL_USER_CONTENT,RELEASE_USER_CONTENT,RECEVIE_USER_CONTENT,ORDER_CONTENT) VALUES
 (71,'政府文件','',13,0,'zfwj',0,34,35,1,'2012-06-04 16:35:35',13,0,0,0,NULL,0,'0||','0||','0||','0||','0||','0||','0||','0||','0||','0||');
INSERT INTO cms_column (SEQ_ID,COLUMN_NAME,COLUMN_TITLE,STATION_ID,PARENT_ID,COLUMN_PATH,ARCHIVE,TEMPLATE_INDEX_ID,TEMPLATE_ARTICLE_ID,CREATE_ID,CREATE_TIME,COLUMN_INDEX,PAGING,MAX_INDEX_PAGE,PAGING_NUMBER,URL,SHOW_MAIN,VISIT_USER,EDIT_USER,NEW_USER,DEL_USER,REL_USER,EDIT_USER_CONTENT,APPROVAL_USER_CONTENT,RELEASE_USER_CONTENT,RECEVIE_USER_CONTENT,ORDER_CONTENT) VALUES
 (72,'政务公告','',13,0,'zwgg',0,34,35,1,'2012-06-04 16:36:04',14,0,0,0,NULL,0,'0||','0||','0||','0||','0||','0||','0||','0||','0||','0||');
INSERT INTO cms_column (SEQ_ID,COLUMN_NAME,COLUMN_TITLE,STATION_ID,PARENT_ID,COLUMN_PATH,ARCHIVE,TEMPLATE_INDEX_ID,TEMPLATE_ARTICLE_ID,CREATE_ID,CREATE_TIME,COLUMN_INDEX,PAGING,MAX_INDEX_PAGE,PAGING_NUMBER,URL,SHOW_MAIN,VISIT_USER,EDIT_USER,NEW_USER,DEL_USER,REL_USER,EDIT_USER_CONTENT,APPROVAL_USER_CONTENT,RELEASE_USER_CONTENT,RECEVIE_USER_CONTENT,ORDER_CONTENT) VALUES
 (73,'舆情反馈','',13,0,'yqfk',0,34,35,1,'2012-06-04 16:37:07',15,0,0,0,NULL,0,'0||','0||','0||','0||','0||','0||','0||','0||','0||','0||');
INSERT INTO cms_column (SEQ_ID,COLUMN_NAME,COLUMN_TITLE,STATION_ID,PARENT_ID,COLUMN_PATH,ARCHIVE,TEMPLATE_INDEX_ID,TEMPLATE_ARTICLE_ID,CREATE_ID,CREATE_TIME,COLUMN_INDEX,PAGING,MAX_INDEX_PAGE,PAGING_NUMBER,URL,SHOW_MAIN,VISIT_USER,EDIT_USER,NEW_USER,DEL_USER,REL_USER,EDIT_USER_CONTENT,APPROVAL_USER_CONTENT,RELEASE_USER_CONTENT,RECEVIE_USER_CONTENT,ORDER_CONTENT) VALUES
 (74,'建言献策','',13,0,'jyxc',0,34,35,1,'2012-06-04 16:37:34',16,0,0,0,NULL,0,'0||','0||','0||','0||','0||','0||','0||','0||','0||','0||');
INSERT INTO cms_column (SEQ_ID,COLUMN_NAME,COLUMN_TITLE,STATION_ID,PARENT_ID,COLUMN_PATH,ARCHIVE,TEMPLATE_INDEX_ID,TEMPLATE_ARTICLE_ID,CREATE_ID,CREATE_TIME,COLUMN_INDEX,PAGING,MAX_INDEX_PAGE,PAGING_NUMBER,URL,SHOW_MAIN,VISIT_USER,EDIT_USER,NEW_USER,DEL_USER,REL_USER,EDIT_USER_CONTENT,APPROVAL_USER_CONTENT,RELEASE_USER_CONTENT,RECEVIE_USER_CONTENT,ORDER_CONTENT) VALUES
 (76,'公告栏','' , 13,0 ,'ggl',0,34,35,1,'2012-06-04 17:01:08',17,0,0,0,NULL,0,'0||','0||','0||','0||','0||','0||','0||','0||','0||','0||');
INSERT INTO cms_column (SEQ_ID,COLUMN_NAME,COLUMN_TITLE,STATION_ID,PARENT_ID,COLUMN_PATH,ARCHIVE,TEMPLATE_INDEX_ID,TEMPLATE_ARTICLE_ID,CREATE_ID,CREATE_TIME,COLUMN_INDEX,PAGING,MAX_INDEX_PAGE,PAGING_NUMBER,URL,SHOW_MAIN,VISIT_USER,EDIT_USER,NEW_USER,DEL_USER,REL_USER,EDIT_USER_CONTENT,APPROVAL_USER_CONTENT,RELEASE_USER_CONTENT,RECEVIE_USER_CONTENT,ORDER_CONTENT) VALUES
 (77,'法规文件','',13,0,'fgwj',0,34,35,1,'2012-06-04 17:02:20',18,0,0,0,NULL,0,'0||','0||','0||','0||','0||','0||','0||','0||','0||','0||');
INSERT INTO cms_column (SEQ_ID,COLUMN_NAME,COLUMN_TITLE,STATION_ID,PARENT_ID,COLUMN_PATH,ARCHIVE,TEMPLATE_INDEX_ID,TEMPLATE_ARTICLE_ID,CREATE_ID,CREATE_TIME,COLUMN_INDEX,PAGING,MAX_INDEX_PAGE,PAGING_NUMBER,URL,SHOW_MAIN,VISIT_USER,EDIT_USER,NEW_USER,DEL_USER,REL_USER,EDIT_USER_CONTENT,APPROVAL_USER_CONTENT,RELEASE_USER_CONTENT,RECEVIE_USER_CONTENT,ORDER_CONTENT) VALUES
 (78,'行政审批','',13,0,'xzsp',0,34,35,1,'2012-06-04 17:02:52',19,0,0,0,NULL,0,'0||','0||','0||','0||','0||','0||','0||','0||','0||','0||');
INSERT INTO cms_column (SEQ_ID,COLUMN_NAME,COLUMN_TITLE,STATION_ID,PARENT_ID,COLUMN_PATH,ARCHIVE,TEMPLATE_INDEX_ID,TEMPLATE_ARTICLE_ID,CREATE_ID,CREATE_TIME,COLUMN_INDEX,PAGING,MAX_INDEX_PAGE,PAGING_NUMBER,URL,SHOW_MAIN,VISIT_USER,EDIT_USER,NEW_USER,DEL_USER,REL_USER,EDIT_USER_CONTENT,APPROVAL_USER_CONTENT,RELEASE_USER_CONTENT,RECEVIE_USER_CONTENT,ORDER_CONTENT) VALUES
 (79,'新闻中心','',14,0,'xwzx',0,37,38,0,'2012-06-10 12:45:23',1,0,0,0,NULL,1,'0||','0||','0||','0||','0||','0||','0||','0||','0||','0||');
INSERT INTO cms_column (SEQ_ID,COLUMN_NAME,COLUMN_TITLE,STATION_ID,PARENT_ID,COLUMN_PATH,ARCHIVE,TEMPLATE_INDEX_ID,TEMPLATE_ARTICLE_ID,CREATE_ID,CREATE_TIME,COLUMN_INDEX,PAGING,MAX_INDEX_PAGE,PAGING_NUMBER,URL,SHOW_MAIN,VISIT_USER,EDIT_USER,NEW_USER,DEL_USER,REL_USER,EDIT_USER_CONTENT,APPROVAL_USER_CONTENT,RELEASE_USER_CONTENT,RECEVIE_USER_CONTENT,ORDER_CONTENT) VALUES
 (80,'集团动态','',14,0,'jtdt',0,37,38,1,'2012-06-10 12:45:48',2,0,0,0,NULL,0,'0||','0||','0||','0||','0||','0||','0||','0||','0||','0||');
INSERT INTO cms_column (SEQ_ID,COLUMN_NAME,COLUMN_TITLE,STATION_ID,PARENT_ID,COLUMN_PATH,ARCHIVE,TEMPLATE_INDEX_ID,TEMPLATE_ARTICLE_ID,CREATE_ID,CREATE_TIME,COLUMN_INDEX,PAGING,MAX_INDEX_PAGE,PAGING_NUMBER,URL,SHOW_MAIN,VISIT_USER,EDIT_USER,NEW_USER,DEL_USER,REL_USER,EDIT_USER_CONTENT,APPROVAL_USER_CONTENT,RELEASE_USER_CONTENT,RECEVIE_USER_CONTENT,ORDER_CONTENT) VALUES
 (81,'关于集团','',14,0,'gyjt',0,37,38,0,'2012-06-10 12:46:36',3,0,0,0,NULL,1,'0||','0||','0||','0||','0||','0||','0||','0||','0||','0||');
INSERT INTO cms_column (SEQ_ID,COLUMN_NAME,COLUMN_TITLE,STATION_ID,PARENT_ID,COLUMN_PATH,ARCHIVE,TEMPLATE_INDEX_ID,TEMPLATE_ARTICLE_ID,CREATE_ID,CREATE_TIME,COLUMN_INDEX,PAGING,MAX_INDEX_PAGE,PAGING_NUMBER,URL,SHOW_MAIN,VISIT_USER,EDIT_USER,NEW_USER,DEL_USER,REL_USER,EDIT_USER_CONTENT,APPROVAL_USER_CONTENT,RELEASE_USER_CONTENT,RECEVIE_USER_CONTENT,ORDER_CONTENT) VALUES
 (83,'产品信息','',14,0,'cpxx',0,37,38,1,'2012-06-10 12:50:21',4,0,0,0,NULL,1,'0||','0||','0||','0||','0||','0||','0||','0||','0||','0||');
INSERT INTO cms_column (SEQ_ID,COLUMN_NAME,COLUMN_TITLE,STATION_ID,PARENT_ID,COLUMN_PATH,ARCHIVE,TEMPLATE_INDEX_ID,TEMPLATE_ARTICLE_ID,CREATE_ID,CREATE_TIME,COLUMN_INDEX,PAGING,MAX_INDEX_PAGE,PAGING_NUMBER,URL,SHOW_MAIN,VISIT_USER,EDIT_USER,NEW_USER,DEL_USER,REL_USER,EDIT_USER_CONTENT,APPROVAL_USER_CONTENT,RELEASE_USER_CONTENT,RECEVIE_USER_CONTENT,ORDER_CONTENT) VALUES
 (84,'人才中心','',14,0,'rczx',0,37,38,1,'2012-06-10 12:50:42',5,0,0,0,NULL,1,'0||','0||','0||','0||','0||','0||','0||','0||','0||','0||');
INSERT INTO cms_column (SEQ_ID,COLUMN_NAME,COLUMN_TITLE,STATION_ID,PARENT_ID,COLUMN_PATH,ARCHIVE,TEMPLATE_INDEX_ID,TEMPLATE_ARTICLE_ID,CREATE_ID,CREATE_TIME,COLUMN_INDEX,PAGING,MAX_INDEX_PAGE,PAGING_NUMBER,URL,SHOW_MAIN,VISIT_USER,EDIT_USER,NEW_USER,DEL_USER,REL_USER,EDIT_USER_CONTENT,APPROVAL_USER_CONTENT,RELEASE_USER_CONTENT,RECEVIE_USER_CONTENT,ORDER_CONTENT) VALUES
 (85,'客户服务','',14,0,'khfw',0,37,38,1,'2012-06-10 12:51:11',6,0,0,0,NULL,1,'0||','0||','0||','0||','0||','0||','0||','0||','0||','0||');
INSERT INTO cms_station (SEQ_ID,STATION_NAME,STATION_DOMAIN_NAME,TEMPLATE_ID,STATION_FILE_NAME,EXTEND_NAME,ARTICLE_EXTEND_NAME,CREATE_ID,CREATE_TIME,STATION_PATH,URL,VISIT_USER,EDIT_USER,NEW_USER,DEL_USER,REL_USER) VALUES 
 (13,'政府','',33,NULL,'html','html',0,'2012-06-04 14:27:31','zf',NULL,'0||','0||','0||','0||','0||');
INSERT INTO cms_station (SEQ_ID,STATION_NAME,STATION_DOMAIN_NAME,TEMPLATE_ID,STATION_FILE_NAME,EXTEND_NAME,ARTICLE_EXTEND_NAME,CREATE_ID,CREATE_TIME,STATION_PATH,URL,VISIT_USER,EDIT_USER,NEW_USER,DEL_USER,REL_USER) VALUES 
 (14,'公司','',36,NULL,'html','html',0,'2012-06-10 12:08:39','gs',NULL,'0||','0||','0||','0||','0||');
INSERT INTO cms_template (SEQ_ID,TEMPLATE_NAME,TEMPLATE_FILE_NAME,TEMPLATE_TYPE,CREATE_ID,CREATE_TIME,attachment_Id,attachment_Name,station_id) VALUES 
 (33,'首页模板','index',1,1,'2012-06-04 15:21:56','2b85b8258e5ec06f705c48f9d2b895aa','index.html',13);
INSERT INTO cms_template (SEQ_ID,TEMPLATE_NAME,TEMPLATE_FILE_NAME,TEMPLATE_TYPE,CREATE_ID,CREATE_TIME,attachment_Id,attachment_Name,station_id) VALUES
 (34,'栏目模板','index',1,0,'2012-06-04 15:24:45','0ebf0657ac0423bbf54aa145943560b8','index.html',13);
INSERT INTO cms_template (SEQ_ID,TEMPLATE_NAME,TEMPLATE_FILE_NAME,TEMPLATE_TYPE,CREATE_ID,CREATE_TIME,attachment_Id,attachment_Name,station_id) VALUES
 (35,'文章模板','index',2,1,'2012-06-04 15:59:28','57ba1f04a25938a298d25841cba8bc26','index.html',13);
INSERT INTO cms_template (SEQ_ID,TEMPLATE_NAME,TEMPLATE_FILE_NAME,TEMPLATE_TYPE,CREATE_ID,CREATE_TIME,attachment_Id,attachment_Name,station_id) VALUES
 (36,'首页模板','index',1,1,'2012-06-10 12:10:01','f13231204ae042e8b417c0330b63f1ff','index.html',14);
INSERT INTO cms_template (SEQ_ID,TEMPLATE_NAME,TEMPLATE_FILE_NAME,TEMPLATE_TYPE,CREATE_ID,CREATE_TIME,attachment_Id,attachment_Name,station_id) VALUES
 (37,'栏目模板','index',1,0,'2012-06-10 12:10:25','dc216a3a82387150318ab06b5544d629','index.html',14);
INSERT INTO cms_template (SEQ_ID,TEMPLATE_NAME,TEMPLATE_FILE_NAME,TEMPLATE_TYPE,CREATE_ID,CREATE_TIME,attachment_Id,attachment_Name,station_id) VALUES
 (38,'文章模板','index',2,1,'2012-06-10 12:10:53','29f3a56adfe42d3e1856e9dd48629a06','index.html',14);
ALTER TABLE cms_content ADD COLUMN image_url TEXT;
