DELETE FROM FLOW_FORM_ITEM;
DELETE FROM FLOW_TYPE;
DELETE FROM FLOW_HOOK;
DELETE FROM FLOW_FORM_TYPE;
DELETE FROM FLOW_PROCESS;
DELETE FROM FLOW_SORT;
INSERT INTO flow_hook (seq_id,flow_id,hname,hdesc,hmodule,plugin,status,map,condition,condition_set,system) VALUES 
  (1,562,'请假登记','请假登记引擎','attend_leave','T9AttendLeave',0,'KEY=>主键,USER_ID=>请假人id,USER_NAME=>请假人姓名,LEAVE_TYPE=>请假理由,LEAVE_DATE1=>开始时间,LEAVE_DATE2=>结束时间,','','','1');
INSERT INTO flow_hook (seq_id,flow_id,hname,hdesc,hmodule,plugin,status,map,condition,condition_set,system) VALUES 
  (5,0,'办公用品领用','办公用品领用引擎','office_product_draw','T9OfficeProductDraw',0,'','','','1');
INSERT INTO flow_hook (seq_id,flow_id,hname,hdesc,hmodule,plugin,status,map,condition,condition_set,system) VALUES 
  (6,0,'办公用品借用','办公用品借用引擎','office_product_borrow','T9OfficeProductBorrow',0,'','','','1');
INSERT INTO flow_hook (seq_id,flow_id,hname,hdesc,hmodule,plugin,status,map,condition,condition_set,system) VALUES 
  (7,0,'办公用品归还','办公用品归还引擎','office_product_return','T9OfficeProductReturn',0,'','','','1');
INSERT INTO flow_hook (seq_id,flow_id,hname,hdesc,hmodule,plugin,status,map,condition,condition_set,system) VALUES 
  (8,0,'加班登记','加班登记引擎','attendance_overtime','T9AttendanceOvertime',0,'','','','1');
INSERT INTO flow_hook (seq_id,flow_id,hname,hdesc,hmodule,plugin,status,map,condition,condition_set,system) VALUES 
  (9,563,'出差登记','出差登记引擎','attend_evection','T9AttendEvection',0,'KEY=>主键,USER_NAME=>申请人,LEADER_ID=>审批人,EVECTION_DATE1=>出差开始时间,EVECTION_DATE2=>出差结束时间,REASON=>出差事由,EVECTION_DEST=>出差地点,','','','1');
INSERT INTO flow_hook (seq_id,flow_id,hname,hdesc,hmodule,plugin,status,map,condition,condition_set,system) VALUES 
  (10,0,'外出登记','外出登记引擎','attend_out','T9AttendOut',0,'','','','1');
INSERT INTO flow_hook (seq_id,flow_id,hname,hdesc,hmodule,plugin,status,map,condition,condition_set,system) VALUES 
  (11,0,'会议申请','会议申请引擎','meeting_apply','T9MeetingApply',0,'','','','1');
INSERT INTO flow_hook (seq_id,flow_id,hname,hdesc,hmodule,plugin,status,map,condition,condition_set,system) VALUES 
  (12,0,'车辆申请','车辆申请引擎','vehicle_apply','T9VehicleApply',0,'','','','1');
INSERT INTO flow_process (SEQ_ID,FLOW_SEQ_ID,PRCS_ID,PRCS_NAME,PRCS_USER,PRCS_ITEM,HIDDEN_ITEM,PRCS_DEPT,PRCS_PRIV,PRCS_TO,SET_LEFT,SET_TOP,PLUGIN,PRCS_ITEM_AUTO,PRCS_IN,PRCS_OUT,FEEDBACK,PRCS_IN_SET,PRCS_OUT_SET,AUTO_TYPE,AUTO_USER_OP,AUTO_USER,USER_FILTER,TIME_OUT,TIME_EXCEPT,SIGNLOOK,TOP_DEFAULT,USER_LOCK,MAIL_TO,SYNC_DEAL,SYNC_DEAL_CHECK,TURN_PRIV,CHILD_FLOW,GATHER_NODE,ALLOW_BACK,ATTACH_PRIV,AUTO_BASE_USER,CONDITION_DESC,RELATION,REMIND_FLAG,DISP_AIP,TIME_OUT_TYPE,METADATA_ITEM,EXTEND,EXTEND1,AUTO_SELECT_ROLE,DOC_CREATE,DOC_ATTACH_PRIV) VALUES 
  (561,561,1,'填写办理意见','1','原文编号,收文日期,部门,承办人,密级,来文单位,拟办意见,领导批示,标题,附注,等级,联系人,联系电话,文号,年月日,处室意见,','行文类型ID,收文ID,','0','13,14,15,5,17,20,22,202,2,301,281,19,181,81,1,3,11,18,9,12,21,10,221,161','0,',0,0,'T9DocReciveAfterPlugin',NULL,NULL,NULL,'0',NULL,NULL,NULL,NULL,NULL,NULL,NULL,'00','0','0','1',NULL,'0',NULL,'1',0,'0','0','1,2,3,4,',0,NULL,NULL,0,0,'0',NULL,NULL,NULL,NULL,NULL,'');
INSERT INTO flow_process (SEQ_ID,FLOW_SEQ_ID,PRCS_ID,PRCS_NAME,PRCS_USER,PRCS_ITEM,HIDDEN_ITEM,PRCS_DEPT,PRCS_PRIV,PRCS_TO,SET_LEFT,SET_TOP,PLUGIN,PRCS_ITEM_AUTO,PRCS_IN,PRCS_OUT,FEEDBACK,PRCS_IN_SET,PRCS_OUT_SET,AUTO_TYPE,AUTO_USER_OP,AUTO_USER,USER_FILTER,TIME_OUT,TIME_EXCEPT,SIGNLOOK,TOP_DEFAULT,USER_LOCK,MAIL_TO,SYNC_DEAL,SYNC_DEAL_CHECK,TURN_PRIV,CHILD_FLOW,GATHER_NODE,ALLOW_BACK,ATTACH_PRIV,AUTO_BASE_USER,CONDITION_DESC,RELATION,REMIND_FLAG,DISP_AIP,TIME_OUT_TYPE,METADATA_ITEM,EXTEND,EXTEND1,AUTO_SELECT_ROLE,DOC_CREATE,DOC_ATTACH_PRIV) VALUES 
  (503,185,3,'秘书处审核',NULL,'不予公开,依申请公开,紧急程度,主动公开,定密依据,核稿日期2,核稿人2,主送,标题,附件,抄送,页数,主题词,联系人,联系电话,保密期限,密级,[A@],外发年,外发号,','归档字段,设定书签,外发类型,行文类型ID,收文ID,','0',NULL,NULL,31,234,NULL,NULL,NULL,NULL,'0',NULL,NULL,'3','401','401','0',NULL,'00','0','0','1',NULL,'0',NULL,'1',0,'0','0','1,2,3,4,',0,NULL,NULL,0,0,'0',NULL,NULL,NULL,NULL,NULL,'');
INSERT INTO flow_process (SEQ_ID,FLOW_SEQ_ID,PRCS_ID,PRCS_NAME,PRCS_USER,PRCS_ITEM,HIDDEN_ITEM,PRCS_DEPT,PRCS_PRIV,PRCS_TO,SET_LEFT,SET_TOP,PLUGIN,PRCS_ITEM_AUTO,PRCS_IN,PRCS_OUT,FEEDBACK,PRCS_IN_SET,PRCS_OUT_SET,AUTO_TYPE,AUTO_USER_OP,AUTO_USER,USER_FILTER,TIME_OUT,TIME_EXCEPT,SIGNLOOK,TOP_DEFAULT,USER_LOCK,MAIL_TO,SYNC_DEAL,SYNC_DEAL_CHECK,TURN_PRIV,CHILD_FLOW,GATHER_NODE,ALLOW_BACK,ATTACH_PRIV,AUTO_BASE_USER,CONDITION_DESC,RELATION,REMIND_FLAG,DISP_AIP,TIME_OUT_TYPE,METADATA_ITEM,EXTEND,EXTEND1,AUTO_SELECT_ROLE,DOC_CREATE,DOC_ATTACH_PRIV) VALUES 
  (504,185,4,'签发',NULL,'不予公开,依申请公开,紧急程度,主动公开,定密依据,主送,会签,签发,标题,附件,抄送,页数,主题词,签发人,签发日期,联系人,联系电话,保密期限,密级,[A@],外发号,外发年,','归档字段,设定书签,外发类型,行文类型ID,收文ID,','0',NULL,NULL,28,339,NULL,NULL,NULL,NULL,'0',NULL,NULL,'3','5','5','0',NULL,'00','0','0','1',NULL,'0',NULL,'1',0,'0','0','1,2,3,4,',0,NULL,NULL,0,0,'0',NULL,NULL,NULL,NULL,NULL,'');
INSERT INTO flow_process (SEQ_ID,FLOW_SEQ_ID,PRCS_ID,PRCS_NAME,PRCS_USER,PRCS_ITEM,HIDDEN_ITEM,PRCS_DEPT,PRCS_PRIV,PRCS_TO,SET_LEFT,SET_TOP,PLUGIN,PRCS_ITEM_AUTO,PRCS_IN,PRCS_OUT,FEEDBACK,PRCS_IN_SET,PRCS_OUT_SET,AUTO_TYPE,AUTO_USER_OP,AUTO_USER,USER_FILTER,TIME_OUT,TIME_EXCEPT,SIGNLOOK,TOP_DEFAULT,USER_LOCK,MAIL_TO,SYNC_DEAL,SYNC_DEAL_CHECK,TURN_PRIV,CHILD_FLOW,GATHER_NODE,ALLOW_BACK,ATTACH_PRIV,AUTO_BASE_USER,CONDITION_DESC,RELATION,REMIND_FLAG,DISP_AIP,TIME_OUT_TYPE,METADATA_ITEM,EXTEND,EXTEND1,AUTO_SELECT_ROLE,DOC_CREATE,DOC_ATTACH_PRIV) VALUES 
  (505,185,5,'复核',NULL,'不予公开,复核人,复核日期,依申请公开,紧急程度,主动公开,定密依据,主送,标题,附件,抄送,页数,主题词,联系人,联系电话,保密期限,密级,[A@],外发号,外发年,','归档字段,设定书签,外发类型,行文类型ID,收文ID,','0',NULL,NULL,23,433,NULL,NULL,NULL,NULL,'0',NULL,NULL,'3','112','112','0',NULL,'00','0','0','1',NULL,'0',NULL,'1',0,'0','0','1,2,3,4,',0,NULL,NULL,0,0,'0',NULL,NULL,NULL,NULL,NULL,'');
INSERT INTO flow_process (SEQ_ID,FLOW_SEQ_ID,PRCS_ID,PRCS_NAME,PRCS_USER,PRCS_ITEM,HIDDEN_ITEM,PRCS_DEPT,PRCS_PRIV,PRCS_TO,SET_LEFT,SET_TOP,PLUGIN,PRCS_ITEM_AUTO,PRCS_IN,PRCS_OUT,FEEDBACK,PRCS_IN_SET,PRCS_OUT_SET,AUTO_TYPE,AUTO_USER_OP,AUTO_USER,USER_FILTER,TIME_OUT,TIME_EXCEPT,SIGNLOOK,TOP_DEFAULT,USER_LOCK,MAIL_TO,SYNC_DEAL,SYNC_DEAL_CHECK,TURN_PRIV,CHILD_FLOW,GATHER_NODE,ALLOW_BACK,ATTACH_PRIV,AUTO_BASE_USER,CONDITION_DESC,RELATION,REMIND_FLAG,DISP_AIP,TIME_OUT_TYPE,METADATA_ITEM,EXTEND,EXTEND1,AUTO_SELECT_ROLE,DOC_CREATE,DOC_ATTACH_PRIV) VALUES 
  (506,185,6,'用印、分发',NULL,'不予公开,依申请公开,用印人,紧急程度,主动公开,用印日期,定密依据,主送,标题,附件,抄送,份数,页数,主题词,联系人,联系电话,保密期限,密级,[A@],外发号,外发年,','归档字段,设定书签,外发类型,行文类型ID,收文ID,','0',NULL,NULL,9,522,'T9DocReciveAfterPlugin',NULL,NULL,NULL,'0',NULL,NULL,'3','1','1','0',NULL,'00','0','0','1',NULL,'0',NULL,'1',0,'0','0','1,2,3,4,',0,NULL,NULL,0,0,'0','主题词,紧急程度,标题,拟稿日期,附件,主送,抄送,页数,密级,保密期限,京政外发号,用印人,用印日期,','1',NULL,NULL,NULL,'');
INSERT INTO flow_process (SEQ_ID,FLOW_SEQ_ID,PRCS_ID,PRCS_NAME,PRCS_USER,PRCS_ITEM,HIDDEN_ITEM,PRCS_DEPT,PRCS_PRIV,PRCS_TO,SET_LEFT,SET_TOP,PLUGIN,PRCS_ITEM_AUTO,PRCS_IN,PRCS_OUT,FEEDBACK,PRCS_IN_SET,PRCS_OUT_SET,AUTO_TYPE,AUTO_USER_OP,AUTO_USER,USER_FILTER,TIME_OUT,TIME_EXCEPT,SIGNLOOK,TOP_DEFAULT,USER_LOCK,MAIL_TO,SYNC_DEAL,SYNC_DEAL_CHECK,TURN_PRIV,CHILD_FLOW,GATHER_NODE,ALLOW_BACK,ATTACH_PRIV,AUTO_BASE_USER,CONDITION_DESC,RELATION,REMIND_FLAG,DISP_AIP,TIME_OUT_TYPE,METADATA_ITEM,EXTEND,EXTEND1,AUTO_SELECT_ROLE,DOC_CREATE,DOC_ATTACH_PRIV) VALUES 
  (241,281,1,'开始申请',NULL,'[A@],[B@],原因,领用数量,固定资产名称,申请日期,部室名称,申请部室负责人,会领导,固定资产名,规格型号,',NULL,'0',NULL,NULL,0,0,NULL,NULL,NULL,NULL,'0',NULL,NULL,'0',NULL,NULL,'0',NULL,'00','0','0','1',NULL,'0',NULL,'0',0,'0','0','1,2,3,4,',0,NULL,NULL,0,0,'0',NULL,NULL,NULL,NULL,NULL,'');
INSERT INTO flow_process (SEQ_ID,FLOW_SEQ_ID,PRCS_ID,PRCS_NAME,PRCS_USER,PRCS_ITEM,HIDDEN_ITEM,PRCS_DEPT,PRCS_PRIV,PRCS_TO,SET_LEFT,SET_TOP,PLUGIN,PRCS_ITEM_AUTO,PRCS_IN,PRCS_OUT,FEEDBACK,PRCS_IN_SET,PRCS_OUT_SET,AUTO_TYPE,AUTO_USER_OP,AUTO_USER,USER_FILTER,TIME_OUT,TIME_EXCEPT,SIGNLOOK,TOP_DEFAULT,USER_LOCK,MAIL_TO,SYNC_DEAL,SYNC_DEAL_CHECK,TURN_PRIV,CHILD_FLOW,GATHER_NODE,ALLOW_BACK,ATTACH_PRIV,AUTO_BASE_USER,CONDITION_DESC,RELATION,REMIND_FLAG,DISP_AIP,TIME_OUT_TYPE,METADATA_ITEM,EXTEND,EXTEND1,AUTO_SELECT_ROLE,DOC_CREATE,DOC_ATTACH_PRIV) VALUES 
  (242,281,2,'审批',NULL,'[A@],[B@],原因,领用数量,固定资产名称,申请日期,部室名称,',NULL,'0',NULL,'0,',0,0,'T9Asset',NULL,NULL,NULL,'0',NULL,NULL,NULL,NULL,NULL,NULL,NULL,'00','0','0','1',NULL,'0',NULL,'0',0,'0','0','1,2,3,4,',0,NULL,NULL,0,0,'0',NULL,NULL,NULL,NULL,NULL,'');
INSERT INTO flow_process (SEQ_ID,FLOW_SEQ_ID,PRCS_ID,PRCS_NAME,PRCS_USER,PRCS_ITEM,HIDDEN_ITEM,PRCS_DEPT,PRCS_PRIV,PRCS_TO,SET_LEFT,SET_TOP,PLUGIN,PRCS_ITEM_AUTO,PRCS_IN,PRCS_OUT,FEEDBACK,PRCS_IN_SET,PRCS_OUT_SET,AUTO_TYPE,AUTO_USER_OP,AUTO_USER,USER_FILTER,TIME_OUT,TIME_EXCEPT,SIGNLOOK,TOP_DEFAULT,USER_LOCK,MAIL_TO,SYNC_DEAL,SYNC_DEAL_CHECK,TURN_PRIV,CHILD_FLOW,GATHER_NODE,ALLOW_BACK,ATTACH_PRIV,AUTO_BASE_USER,CONDITION_DESC,RELATION,REMIND_FLAG,DISP_AIP,TIME_OUT_TYPE,METADATA_ITEM,EXTEND,EXTEND1,AUTO_SELECT_ROLE,DOC_CREATE,DOC_ATTACH_PRIV) VALUES 
  (243,282,1,'开始返库',NULL,'[A@],[B@],备注,原因,返库数量,固定资产名称,返库日期,部室名称,使用部室专管员,使用部室负责人,固定资产名,编号,',NULL,'0',NULL,NULL,0,0,NULL,NULL,NULL,NULL,'0',NULL,NULL,NULL,NULL,NULL,NULL,NULL,'00','0','0','1',NULL,'0',NULL,'0',0,'0','0','1,2,3,4,',0,NULL,NULL,0,0,'0',NULL,NULL,NULL,NULL,NULL,'');
INSERT INTO flow_process (SEQ_ID,FLOW_SEQ_ID,PRCS_ID,PRCS_NAME,PRCS_USER,PRCS_ITEM,HIDDEN_ITEM,PRCS_DEPT,PRCS_PRIV,PRCS_TO,SET_LEFT,SET_TOP,PLUGIN,PRCS_ITEM_AUTO,PRCS_IN,PRCS_OUT,FEEDBACK,PRCS_IN_SET,PRCS_OUT_SET,AUTO_TYPE,AUTO_USER_OP,AUTO_USER,USER_FILTER,TIME_OUT,TIME_EXCEPT,SIGNLOOK,TOP_DEFAULT,USER_LOCK,MAIL_TO,SYNC_DEAL,SYNC_DEAL_CHECK,TURN_PRIV,CHILD_FLOW,GATHER_NODE,ALLOW_BACK,ATTACH_PRIV,AUTO_BASE_USER,CONDITION_DESC,RELATION,REMIND_FLAG,DISP_AIP,TIME_OUT_TYPE,METADATA_ITEM,EXTEND,EXTEND1,AUTO_SELECT_ROLE,DOC_CREATE,DOC_ATTACH_PRIV) VALUES 
  (244,282,2,'审批',NULL,'备注,原因,返库数量,固定资产名称,返库日期,部室名称,使用部室专管员,使用部室负责人,',NULL,'0',NULL,'0,',0,0,'T9AssetReturn',NULL,NULL,NULL,'0',NULL,NULL,NULL,NULL,NULL,NULL,NULL,'00','0','0','1',NULL,'0',NULL,'0',0,'0','0','1,2,3,4,',0,NULL,NULL,0,0,'0',NULL,NULL,NULL,NULL,NULL,'');
INSERT INTO flow_process (SEQ_ID,FLOW_SEQ_ID,PRCS_ID,PRCS_NAME,PRCS_USER,PRCS_ITEM,HIDDEN_ITEM,PRCS_DEPT,PRCS_PRIV,PRCS_TO,SET_LEFT,SET_TOP,PLUGIN,PRCS_ITEM_AUTO,PRCS_IN,PRCS_OUT,FEEDBACK,PRCS_IN_SET,PRCS_OUT_SET,AUTO_TYPE,AUTO_USER_OP,AUTO_USER,USER_FILTER,TIME_OUT,TIME_EXCEPT,SIGNLOOK,TOP_DEFAULT,USER_LOCK,MAIL_TO,SYNC_DEAL,SYNC_DEAL_CHECK,TURN_PRIV,CHILD_FLOW,GATHER_NODE,ALLOW_BACK,ATTACH_PRIV,AUTO_BASE_USER,CONDITION_DESC,RELATION,REMIND_FLAG,DISP_AIP,TIME_OUT_TYPE,METADATA_ITEM,EXTEND,EXTEND1,AUTO_SELECT_ROLE,DOC_CREATE,DOC_ATTACH_PRIV) VALUES 
  (245,283,1,'开始',NULL,'[A@],[B@],备注,保管地点,专管员,录入日期,资产原值,数量,规格型号,所属部门,资产类别,资产名称,',NULL,'0',NULL,NULL,0,0,'MyPlugin',NULL,NULL,NULL,'0',NULL,NULL,NULL,NULL,NULL,NULL,NULL,'00','0','0','1',NULL,'0',NULL,'0',0,'0','0','1,2,3,4,',0,NULL,NULL,0,0,'0',NULL,NULL,NULL,NULL,NULL,'');
INSERT INTO flow_process (SEQ_ID,FLOW_SEQ_ID,PRCS_ID,PRCS_NAME,PRCS_USER,PRCS_ITEM,HIDDEN_ITEM,PRCS_DEPT,PRCS_PRIV,PRCS_TO,SET_LEFT,SET_TOP,PLUGIN,PRCS_ITEM_AUTO,PRCS_IN,PRCS_OUT,FEEDBACK,PRCS_IN_SET,PRCS_OUT_SET,AUTO_TYPE,AUTO_USER_OP,AUTO_USER,USER_FILTER,TIME_OUT,TIME_EXCEPT,SIGNLOOK,TOP_DEFAULT,USER_LOCK,MAIL_TO,SYNC_DEAL,SYNC_DEAL_CHECK,TURN_PRIV,CHILD_FLOW,GATHER_NODE,ALLOW_BACK,ATTACH_PRIV,AUTO_BASE_USER,CONDITION_DESC,RELATION,REMIND_FLAG,DISP_AIP,TIME_OUT_TYPE,METADATA_ITEM,EXTEND,EXTEND1,AUTO_SELECT_ROLE,DOC_CREATE,DOC_ATTACH_PRIV) VALUES 
  (246,283,2,'审批入库',NULL,'[A@],[B@],备注,保管地点,专管员,录入日期,资产原值,数量,规格型号,所属部门,资产类别,资产名称,',NULL,'0',NULL,'0,',0,0,'MyPlugin',NULL,NULL,NULL,'0',NULL,NULL,NULL,NULL,NULL,NULL,NULL,'00','0','0','1',NULL,'0',NULL,'0',0,'0','0','1,2,3,4,',0,NULL,NULL,0,0,'0',NULL,NULL,NULL,NULL,NULL,'');
INSERT INTO flow_process (SEQ_ID,FLOW_SEQ_ID,PRCS_ID,PRCS_NAME,PRCS_USER,PRCS_ITEM,HIDDEN_ITEM,PRCS_DEPT,PRCS_PRIV,PRCS_TO,SET_LEFT,SET_TOP,PLUGIN,PRCS_ITEM_AUTO,PRCS_IN,PRCS_OUT,FEEDBACK,PRCS_IN_SET,PRCS_OUT_SET,AUTO_TYPE,AUTO_USER_OP,AUTO_USER,USER_FILTER,TIME_OUT,TIME_EXCEPT,SIGNLOOK,TOP_DEFAULT,USER_LOCK,MAIL_TO,SYNC_DEAL,SYNC_DEAL_CHECK,TURN_PRIV,CHILD_FLOW,GATHER_NODE,ALLOW_BACK,ATTACH_PRIV,AUTO_BASE_USER,CONDITION_DESC,RELATION,REMIND_FLAG,DISP_AIP,TIME_OUT_TYPE,METADATA_ITEM,EXTEND,EXTEND1,AUTO_SELECT_ROLE,DOC_CREATE,DOC_ATTACH_PRIV) VALUES 
  (575,564,3,'交办人意见',NULL,'交办人意见,[A@],',NULL,'0',NULL,'4,2',0,0,NULL,NULL,NULL,NULL,'0',NULL,NULL,NULL,NULL,NULL,NULL,NULL,'00','0','0','1',NULL,'0',NULL,'1',0,'0','0','1,2,3,4,',0,NULL,NULL,0,0,'0',NULL,NULL,NULL,NULL,NULL,'');
INSERT INTO flow_process (SEQ_ID,FLOW_SEQ_ID,PRCS_ID,PRCS_NAME,PRCS_USER,PRCS_ITEM,HIDDEN_ITEM,PRCS_DEPT,PRCS_PRIV,PRCS_TO,SET_LEFT,SET_TOP,PLUGIN,PRCS_ITEM_AUTO,PRCS_IN,PRCS_OUT,FEEDBACK,PRCS_IN_SET,PRCS_OUT_SET,AUTO_TYPE,AUTO_USER_OP,AUTO_USER,USER_FILTER,TIME_OUT,TIME_EXCEPT,SIGNLOOK,TOP_DEFAULT,USER_LOCK,MAIL_TO,SYNC_DEAL,SYNC_DEAL_CHECK,TURN_PRIV,CHILD_FLOW,GATHER_NODE,ALLOW_BACK,ATTACH_PRIV,AUTO_BASE_USER,CONDITION_DESC,RELATION,REMIND_FLAG,DISP_AIP,TIME_OUT_TYPE,METADATA_ITEM,EXTEND,EXTEND1,AUTO_SELECT_ROLE,DOC_CREATE,DOC_ATTACH_PRIV) VALUES 
  (576,564,4,'承办人查阅',NULL,NULL,NULL,'0',NULL,'0,',0,0,NULL,NULL,NULL,NULL,'0',NULL,NULL,NULL,NULL,NULL,NULL,NULL,'00','0','0','1',NULL,'0',NULL,'1',0,'0','0','1,2,3,4,',0,NULL,NULL,0,0,'0',NULL,NULL,NULL,NULL,NULL,'');
INSERT INTO flow_process (SEQ_ID,FLOW_SEQ_ID,PRCS_ID,PRCS_NAME,PRCS_USER,PRCS_ITEM,HIDDEN_ITEM,PRCS_DEPT,PRCS_PRIV,PRCS_TO,SET_LEFT,SET_TOP,PLUGIN,PRCS_ITEM_AUTO,PRCS_IN,PRCS_OUT,FEEDBACK,PRCS_IN_SET,PRCS_OUT_SET,AUTO_TYPE,AUTO_USER_OP,AUTO_USER,USER_FILTER,TIME_OUT,TIME_EXCEPT,SIGNLOOK,TOP_DEFAULT,USER_LOCK,MAIL_TO,SYNC_DEAL,SYNC_DEAL_CHECK,TURN_PRIV,CHILD_FLOW,GATHER_NODE,ALLOW_BACK,ATTACH_PRIV,AUTO_BASE_USER,CONDITION_DESC,RELATION,REMIND_FLAG,DISP_AIP,TIME_OUT_TYPE,METADATA_ITEM,EXTEND,EXTEND1,AUTO_SELECT_ROLE,DOC_CREATE,DOC_ATTACH_PRIV) VALUES 
  (577,565,1,'督办单位交待工作',NULL,'办结时间,主办内容及要求,[A@],',NULL,'0',NULL,NULL,0,0,NULL,NULL,NULL,NULL,'0',NULL,NULL,NULL,NULL,NULL,NULL,NULL,'00','0','0','1',NULL,'0',NULL,'1',0,'0','0','1,2,3,4,',0,NULL,NULL,0,0,'0',NULL,NULL,NULL,NULL,NULL,'');
INSERT INTO flow_process (SEQ_ID,FLOW_SEQ_ID,PRCS_ID,PRCS_NAME,PRCS_USER,PRCS_ITEM,HIDDEN_ITEM,PRCS_DEPT,PRCS_PRIV,PRCS_TO,SET_LEFT,SET_TOP,PLUGIN,PRCS_ITEM_AUTO,PRCS_IN,PRCS_OUT,FEEDBACK,PRCS_IN_SET,PRCS_OUT_SET,AUTO_TYPE,AUTO_USER_OP,AUTO_USER,USER_FILTER,TIME_OUT,TIME_EXCEPT,SIGNLOOK,TOP_DEFAULT,USER_LOCK,MAIL_TO,SYNC_DEAL,SYNC_DEAL_CHECK,TURN_PRIV,CHILD_FLOW,GATHER_NODE,ALLOW_BACK,ATTACH_PRIV,AUTO_BASE_USER,CONDITION_DESC,RELATION,REMIND_FLAG,DISP_AIP,TIME_OUT_TYPE,METADATA_ITEM,EXTEND,EXTEND1,AUTO_SELECT_ROLE,DOC_CREATE,DOC_ATTACH_PRIV) VALUES 
  (578,565,2,'主办单位办理',NULL,'主办单位办理情况,',NULL,'0',NULL,NULL,0,0,NULL,NULL,NULL,NULL,'0',NULL,NULL,NULL,NULL,NULL,NULL,NULL,'00','0','0','1',NULL,'0',NULL,'1',0,'0','0','1,2,3,4,',0,NULL,NULL,0,0,'0',NULL,NULL,NULL,NULL,NULL,'');
INSERT INTO flow_process (SEQ_ID,FLOW_SEQ_ID,PRCS_ID,PRCS_NAME,PRCS_USER,PRCS_ITEM,HIDDEN_ITEM,PRCS_DEPT,PRCS_PRIV,PRCS_TO,SET_LEFT,SET_TOP,PLUGIN,PRCS_ITEM_AUTO,PRCS_IN,PRCS_OUT,FEEDBACK,PRCS_IN_SET,PRCS_OUT_SET,AUTO_TYPE,AUTO_USER_OP,AUTO_USER,USER_FILTER,TIME_OUT,TIME_EXCEPT,SIGNLOOK,TOP_DEFAULT,USER_LOCK,MAIL_TO,SYNC_DEAL,SYNC_DEAL_CHECK,TURN_PRIV,CHILD_FLOW,GATHER_NODE,ALLOW_BACK,ATTACH_PRIV,AUTO_BASE_USER,CONDITION_DESC,RELATION,REMIND_FLAG,DISP_AIP,TIME_OUT_TYPE,METADATA_ITEM,EXTEND,EXTEND1,AUTO_SELECT_ROLE,DOC_CREATE,DOC_ATTACH_PRIV) VALUES 
  (579,565,3,'督办单位意见',NULL,'督办单位意见,',NULL,'0',NULL,NULL,0,0,NULL,NULL,NULL,NULL,'0',NULL,NULL,NULL,NULL,NULL,NULL,NULL,'00','0','0','1',NULL,'0',NULL,'1',0,'0','0','1,2,3,4,',0,NULL,NULL,0,0,'0',NULL,NULL,NULL,NULL,NULL,'');
INSERT INTO flow_process (SEQ_ID,FLOW_SEQ_ID,PRCS_ID,PRCS_NAME,PRCS_USER,PRCS_ITEM,HIDDEN_ITEM,PRCS_DEPT,PRCS_PRIV,PRCS_TO,SET_LEFT,SET_TOP,PLUGIN,PRCS_ITEM_AUTO,PRCS_IN,PRCS_OUT,FEEDBACK,PRCS_IN_SET,PRCS_OUT_SET,AUTO_TYPE,AUTO_USER_OP,AUTO_USER,USER_FILTER,TIME_OUT,TIME_EXCEPT,SIGNLOOK,TOP_DEFAULT,USER_LOCK,MAIL_TO,SYNC_DEAL,SYNC_DEAL_CHECK,TURN_PRIV,CHILD_FLOW,GATHER_NODE,ALLOW_BACK,ATTACH_PRIV,AUTO_BASE_USER,CONDITION_DESC,RELATION,REMIND_FLAG,DISP_AIP,TIME_OUT_TYPE,METADATA_ITEM,EXTEND,EXTEND1,AUTO_SELECT_ROLE,DOC_CREATE,DOC_ATTACH_PRIV) VALUES 
  (573,564,1,'交办人交待工作',NULL,'交办人,交办日期,要求完成日期,承办人工作内容,[A@],',NULL,'0',NULL,NULL,0,0,NULL,NULL,NULL,NULL,'0',NULL,NULL,NULL,NULL,NULL,NULL,NULL,'00','0','0','1',NULL,'0',NULL,'1',0,'0','0','1,2,3,4,',0,NULL,NULL,0,0,'0',NULL,NULL,NULL,NULL,NULL,'');
INSERT INTO flow_process (SEQ_ID,FLOW_SEQ_ID,PRCS_ID,PRCS_NAME,PRCS_USER,PRCS_ITEM,HIDDEN_ITEM,PRCS_DEPT,PRCS_PRIV,PRCS_TO,SET_LEFT,SET_TOP,PLUGIN,PRCS_ITEM_AUTO,PRCS_IN,PRCS_OUT,FEEDBACK,PRCS_IN_SET,PRCS_OUT_SET,AUTO_TYPE,AUTO_USER_OP,AUTO_USER,USER_FILTER,TIME_OUT,TIME_EXCEPT,SIGNLOOK,TOP_DEFAULT,USER_LOCK,MAIL_TO,SYNC_DEAL,SYNC_DEAL_CHECK,TURN_PRIV,CHILD_FLOW,GATHER_NODE,ALLOW_BACK,ATTACH_PRIV,AUTO_BASE_USER,CONDITION_DESC,RELATION,REMIND_FLAG,DISP_AIP,TIME_OUT_TYPE,METADATA_ITEM,EXTEND,EXTEND1,AUTO_SELECT_ROLE,DOC_CREATE,DOC_ATTACH_PRIV) VALUES 
  (574,564,2,'承办人办理',NULL,'承办人工作完成情况,[A@],承办人,',NULL,'0',NULL,NULL,0,0,NULL,NULL,NULL,NULL,'0',NULL,NULL,NULL,NULL,NULL,NULL,NULL,'00','0','0','1',NULL,'0',NULL,'1',0,'0','0','1,2,3,4,',0,NULL,NULL,0,0,'0',NULL,NULL,NULL,NULL,NULL,'');
INSERT INTO flow_process (SEQ_ID,FLOW_SEQ_ID,PRCS_ID,PRCS_NAME,PRCS_USER,PRCS_ITEM,HIDDEN_ITEM,PRCS_DEPT,PRCS_PRIV,PRCS_TO,SET_LEFT,SET_TOP,PLUGIN,PRCS_ITEM_AUTO,PRCS_IN,PRCS_OUT,FEEDBACK,PRCS_IN_SET,PRCS_OUT_SET,AUTO_TYPE,AUTO_USER_OP,AUTO_USER,USER_FILTER,TIME_OUT,TIME_EXCEPT,SIGNLOOK,TOP_DEFAULT,USER_LOCK,MAIL_TO,SYNC_DEAL,SYNC_DEAL_CHECK,TURN_PRIV,CHILD_FLOW,GATHER_NODE,ALLOW_BACK,ATTACH_PRIV,AUTO_BASE_USER,CONDITION_DESC,RELATION,REMIND_FLAG,DISP_AIP,TIME_OUT_TYPE,METADATA_ITEM,EXTEND,EXTEND1,AUTO_SELECT_ROLE,DOC_CREATE,DOC_ATTACH_PRIV) VALUES 
  (501,185,1,'拟稿',NULL,'不予公开,依申请公开,紧急程度,主动公开,定密依据,主送,标题,拟稿日期,附件,抄送,页数,主题词,联系人,拟稿人,联系电话,外发号,保密期限,密级,[A@],外发年,','归档字段,设定书签,外发类型,行文类型ID,收文ID,','0',NULL,NULL,24,46,'T9DocReciveAfterPlugin',NULL,NULL,NULL,'1',NULL,NULL,'0',NULL,NULL,'0',NULL,'00','0','0','1',NULL,'0',NULL,'1',0,'0','0','1,2,3,4,',0,NULL,NULL,0,0,'0','主送,抄送,附件,拟稿日期,紧急程度,标题,主题词,页数,保密期限,密级,拟稿人,',NULL,NULL,NULL,NULL,'');
INSERT INTO flow_process (SEQ_ID,FLOW_SEQ_ID,PRCS_ID,PRCS_NAME,PRCS_USER,PRCS_ITEM,HIDDEN_ITEM,PRCS_DEPT,PRCS_PRIV,PRCS_TO,SET_LEFT,SET_TOP,PLUGIN,PRCS_ITEM_AUTO,PRCS_IN,PRCS_OUT,FEEDBACK,PRCS_IN_SET,PRCS_OUT_SET,AUTO_TYPE,AUTO_USER_OP,AUTO_USER,USER_FILTER,TIME_OUT,TIME_EXCEPT,SIGNLOOK,TOP_DEFAULT,USER_LOCK,MAIL_TO,SYNC_DEAL,SYNC_DEAL_CHECK,TURN_PRIV,CHILD_FLOW,GATHER_NODE,ALLOW_BACK,ATTACH_PRIV,AUTO_BASE_USER,CONDITION_DESC,RELATION,REMIND_FLAG,DISP_AIP,TIME_OUT_TYPE,METADATA_ITEM,EXTEND,EXTEND1,AUTO_SELECT_ROLE,DOC_CREATE,DOC_ATTACH_PRIV) VALUES 
  (502,185,2,'处室审核',NULL,'不予公开,依申请公开,紧急程度,主动公开,定密依据,核稿人1,核稿日期1,主送,标题,附件,抄送,页数,主题词,联系人,联系电话,保密期限,密级,[A@],外发年,外发号,','归档字段,设定书签,行文类型ID,收文ID,','0',NULL,NULL,31,141,NULL,NULL,NULL,NULL,'1',NULL,NULL,'3','4','4','0',NULL,'00','0','0','1',NULL,'0',NULL,'1',0,'0','1','1,2,3,4,',0,NULL,NULL,0,0,'0',NULL,NULL,NULL,NULL,NULL,'');
INSERT INTO flow_process (SEQ_ID,FLOW_SEQ_ID,PRCS_ID,PRCS_NAME,PRCS_USER,PRCS_ITEM,HIDDEN_ITEM,PRCS_DEPT,PRCS_PRIV,PRCS_TO,SET_LEFT,SET_TOP,PLUGIN,PRCS_ITEM_AUTO,PRCS_IN,PRCS_OUT,FEEDBACK,PRCS_IN_SET,PRCS_OUT_SET,AUTO_TYPE,AUTO_USER_OP,AUTO_USER,USER_FILTER,TIME_OUT,TIME_EXCEPT,SIGNLOOK,TOP_DEFAULT,USER_LOCK,MAIL_TO,SYNC_DEAL,SYNC_DEAL_CHECK,TURN_PRIV,CHILD_FLOW,GATHER_NODE,ALLOW_BACK,ATTACH_PRIV,AUTO_BASE_USER,CONDITION_DESC,RELATION,REMIND_FLAG,DISP_AIP,TIME_OUT_TYPE,METADATA_ITEM,EXTEND,EXTEND1,AUTO_SELECT_ROLE,DOC_CREATE,DOC_ATTACH_PRIV) VALUES 
  (588,568,1,'会议申请登记',NULL,'申请人,申请日期,会议时间,参会人数,会议室,会议内容,参会人员,会场布置及物品准备要求,[A@],',NULL,'0',NULL,NULL,0,0,NULL,NULL,NULL,NULL,'0',NULL,NULL,NULL,NULL,NULL,NULL,NULL,'00','0','0','1',NULL,'0',NULL,'1',0,'0','0','1,2,3,4,',0,NULL,NULL,0,0,'0',NULL,NULL,NULL,NULL,NULL,'');
INSERT INTO flow_process (SEQ_ID,FLOW_SEQ_ID,PRCS_ID,PRCS_NAME,PRCS_USER,PRCS_ITEM,HIDDEN_ITEM,PRCS_DEPT,PRCS_PRIV,PRCS_TO,SET_LEFT,SET_TOP,PLUGIN,PRCS_ITEM_AUTO,PRCS_IN,PRCS_OUT,FEEDBACK,PRCS_IN_SET,PRCS_OUT_SET,AUTO_TYPE,AUTO_USER_OP,AUTO_USER,USER_FILTER,TIME_OUT,TIME_EXCEPT,SIGNLOOK,TOP_DEFAULT,USER_LOCK,MAIL_TO,SYNC_DEAL,SYNC_DEAL_CHECK,TURN_PRIV,CHILD_FLOW,GATHER_NODE,ALLOW_BACK,ATTACH_PRIV,AUTO_BASE_USER,CONDITION_DESC,RELATION,REMIND_FLAG,DISP_AIP,TIME_OUT_TYPE,METADATA_ITEM,EXTEND,EXTEND1,AUTO_SELECT_ROLE,DOC_CREATE,DOC_ATTACH_PRIV) VALUES 
  (589,568,2,'审批',NULL,'审批结果,审批意见,[A@],',NULL,'0',NULL,'3,1',0,0,NULL,NULL,NULL,NULL,'0',NULL,NULL,NULL,NULL,NULL,NULL,NULL,'00','0','0','1',NULL,'0',NULL,'1',0,'0','0','1,2,3,4,',0,NULL,NULL,0,0,'0',NULL,NULL,NULL,NULL,NULL,'');
INSERT INTO flow_process (SEQ_ID,FLOW_SEQ_ID,PRCS_ID,PRCS_NAME,PRCS_USER,PRCS_ITEM,HIDDEN_ITEM,PRCS_DEPT,PRCS_PRIV,PRCS_TO,SET_LEFT,SET_TOP,PLUGIN,PRCS_ITEM_AUTO,PRCS_IN,PRCS_OUT,FEEDBACK,PRCS_IN_SET,PRCS_OUT_SET,AUTO_TYPE,AUTO_USER_OP,AUTO_USER,USER_FILTER,TIME_OUT,TIME_EXCEPT,SIGNLOOK,TOP_DEFAULT,USER_LOCK,MAIL_TO,SYNC_DEAL,SYNC_DEAL_CHECK,TURN_PRIV,CHILD_FLOW,GATHER_NODE,ALLOW_BACK,ATTACH_PRIV,AUTO_BASE_USER,CONDITION_DESC,RELATION,REMIND_FLAG,DISP_AIP,TIME_OUT_TYPE,METADATA_ITEM,EXTEND,EXTEND1,AUTO_SELECT_ROLE,DOC_CREATE,DOC_ATTACH_PRIV) VALUES 
  (590,568,3,'申请人查阅审批情况',NULL,NULL,NULL,'0',NULL,'0,',0,0,NULL,NULL,NULL,NULL,'0',NULL,NULL,NULL,NULL,NULL,NULL,NULL,'00','0','0','1',NULL,'0',NULL,'1',0,'0','0','1,2,3,4,',0,NULL,NULL,0,0,'0',NULL,NULL,NULL,NULL,NULL,'');
INSERT INTO flow_process (SEQ_ID,FLOW_SEQ_ID,PRCS_ID,PRCS_NAME,PRCS_USER,PRCS_ITEM,HIDDEN_ITEM,PRCS_DEPT,PRCS_PRIV,PRCS_TO,SET_LEFT,SET_TOP,PLUGIN,PRCS_ITEM_AUTO,PRCS_IN,PRCS_OUT,FEEDBACK,PRCS_IN_SET,PRCS_OUT_SET,AUTO_TYPE,AUTO_USER_OP,AUTO_USER,USER_FILTER,TIME_OUT,TIME_EXCEPT,SIGNLOOK,TOP_DEFAULT,USER_LOCK,MAIL_TO,SYNC_DEAL,SYNC_DEAL_CHECK,TURN_PRIV,CHILD_FLOW,GATHER_NODE,ALLOW_BACK,ATTACH_PRIV,AUTO_BASE_USER,CONDITION_DESC,RELATION,REMIND_FLAG,DISP_AIP,TIME_OUT_TYPE,METADATA_ITEM,EXTEND,EXTEND1,AUTO_SELECT_ROLE,DOC_CREATE,DOC_ATTACH_PRIV) VALUES 
  (587,567,4,'申领人查阅审批情况',NULL,NULL,NULL,'0',NULL,'0,',0,0,NULL,NULL,NULL,NULL,'0',NULL,NULL,NULL,NULL,NULL,NULL,NULL,'00','0','0','1',NULL,'0',NULL,'1',0,'0','0','1,2,3,4,',0,NULL,NULL,0,0,'0',NULL,NULL,NULL,NULL,NULL,'');
INSERT INTO flow_process (SEQ_ID,FLOW_SEQ_ID,PRCS_ID,PRCS_NAME,PRCS_USER,PRCS_ITEM,HIDDEN_ITEM,PRCS_DEPT,PRCS_PRIV,PRCS_TO,SET_LEFT,SET_TOP,PLUGIN,PRCS_ITEM_AUTO,PRCS_IN,PRCS_OUT,FEEDBACK,PRCS_IN_SET,PRCS_OUT_SET,AUTO_TYPE,AUTO_USER_OP,AUTO_USER,USER_FILTER,TIME_OUT,TIME_EXCEPT,SIGNLOOK,TOP_DEFAULT,USER_LOCK,MAIL_TO,SYNC_DEAL,SYNC_DEAL_CHECK,TURN_PRIV,CHILD_FLOW,GATHER_NODE,ALLOW_BACK,ATTACH_PRIV,AUTO_BASE_USER,CONDITION_DESC,RELATION,REMIND_FLAG,DISP_AIP,TIME_OUT_TYPE,METADATA_ITEM,EXTEND,EXTEND1,AUTO_SELECT_ROLE,DOC_CREATE,DOC_ATTACH_PRIV) VALUES 
  (585,567,2,'部门负责人签字',NULL,'部门负责人,[A@],审批意见,',NULL,'0',NULL,'3,1',0,0,NULL,NULL,NULL,NULL,'0',NULL,NULL,NULL,NULL,NULL,NULL,NULL,'00','0','0','1',NULL,'0',NULL,'1',0,'0','0','1,2,3,4,',0,NULL,NULL,0,0,'0',NULL,NULL,NULL,NULL,NULL,'');
INSERT INTO flow_process (SEQ_ID,FLOW_SEQ_ID,PRCS_ID,PRCS_NAME,PRCS_USER,PRCS_ITEM,HIDDEN_ITEM,PRCS_DEPT,PRCS_PRIV,PRCS_TO,SET_LEFT,SET_TOP,PLUGIN,PRCS_ITEM_AUTO,PRCS_IN,PRCS_OUT,FEEDBACK,PRCS_IN_SET,PRCS_OUT_SET,AUTO_TYPE,AUTO_USER_OP,AUTO_USER,USER_FILTER,TIME_OUT,TIME_EXCEPT,SIGNLOOK,TOP_DEFAULT,USER_LOCK,MAIL_TO,SYNC_DEAL,SYNC_DEAL_CHECK,TURN_PRIV,CHILD_FLOW,GATHER_NODE,ALLOW_BACK,ATTACH_PRIV,AUTO_BASE_USER,CONDITION_DESC,RELATION,REMIND_FLAG,DISP_AIP,TIME_OUT_TYPE,METADATA_ITEM,EXTEND,EXTEND1,AUTO_SELECT_ROLE,DOC_CREATE,DOC_ATTACH_PRIV) VALUES 
  (586,567,3,'管理部门审批',NULL,'审批结果,审批意见,[A@],',NULL,'0',NULL,'4,1',0,0,NULL,NULL,NULL,NULL,'0',NULL,NULL,NULL,NULL,NULL,NULL,NULL,'00','0','0','1',NULL,'0',NULL,'1',0,'0','0','1,2,3,4,',0,NULL,NULL,0,0,'0',NULL,NULL,NULL,NULL,NULL,'');
INSERT INTO flow_process (SEQ_ID,FLOW_SEQ_ID,PRCS_ID,PRCS_NAME,PRCS_USER,PRCS_ITEM,HIDDEN_ITEM,PRCS_DEPT,PRCS_PRIV,PRCS_TO,SET_LEFT,SET_TOP,PLUGIN,PRCS_ITEM_AUTO,PRCS_IN,PRCS_OUT,FEEDBACK,PRCS_IN_SET,PRCS_OUT_SET,AUTO_TYPE,AUTO_USER_OP,AUTO_USER,USER_FILTER,TIME_OUT,TIME_EXCEPT,SIGNLOOK,TOP_DEFAULT,USER_LOCK,MAIL_TO,SYNC_DEAL,SYNC_DEAL_CHECK,TURN_PRIV,CHILD_FLOW,GATHER_NODE,ALLOW_BACK,ATTACH_PRIV,AUTO_BASE_USER,CONDITION_DESC,RELATION,REMIND_FLAG,DISP_AIP,TIME_OUT_TYPE,METADATA_ITEM,EXTEND,EXTEND1,AUTO_SELECT_ROLE,DOC_CREATE,DOC_ATTACH_PRIV) VALUES 
  (584,567,1,'申领人提出申请',NULL,'申领说明,申领物品,部门,申请日期,申请人,[A@],',NULL,'0',NULL,'2,3',0,0,NULL,NULL,NULL,NULL,'0',NULL,NULL,NULL,NULL,NULL,NULL,NULL,'00','0','0','1',NULL,'0',NULL,'1',0,'0','0','1,2,3,4,',0,NULL,NULL,0,0,'0',NULL,NULL,NULL,NULL,NULL,'');
INSERT INTO flow_process (SEQ_ID,FLOW_SEQ_ID,PRCS_ID,PRCS_NAME,PRCS_USER,PRCS_ITEM,HIDDEN_ITEM,PRCS_DEPT,PRCS_PRIV,PRCS_TO,SET_LEFT,SET_TOP,PLUGIN,PRCS_ITEM_AUTO,PRCS_IN,PRCS_OUT,FEEDBACK,PRCS_IN_SET,PRCS_OUT_SET,AUTO_TYPE,AUTO_USER_OP,AUTO_USER,USER_FILTER,TIME_OUT,TIME_EXCEPT,SIGNLOOK,TOP_DEFAULT,USER_LOCK,MAIL_TO,SYNC_DEAL,SYNC_DEAL_CHECK,TURN_PRIV,CHILD_FLOW,GATHER_NODE,ALLOW_BACK,ATTACH_PRIV,AUTO_BASE_USER,CONDITION_DESC,RELATION,REMIND_FLAG,DISP_AIP,TIME_OUT_TYPE,METADATA_ITEM,EXTEND,EXTEND1,AUTO_SELECT_ROLE,DOC_CREATE,DOC_ATTACH_PRIV) VALUES 
  (583,566,3,'协办单位办理情况',NULL,'协办情况,',NULL,'0',NULL,'2,0',0,0,NULL,NULL,NULL,NULL,'0',NULL,NULL,NULL,NULL,NULL,NULL,NULL,'00','0','0','1',NULL,'0',NULL,'1',0,'0','0','1,2,3,4,',0,NULL,NULL,0,0,'0',NULL,NULL,NULL,NULL,NULL,'');
INSERT INTO flow_process (SEQ_ID,FLOW_SEQ_ID,PRCS_ID,PRCS_NAME,PRCS_USER,PRCS_ITEM,HIDDEN_ITEM,PRCS_DEPT,PRCS_PRIV,PRCS_TO,SET_LEFT,SET_TOP,PLUGIN,PRCS_ITEM_AUTO,PRCS_IN,PRCS_OUT,FEEDBACK,PRCS_IN_SET,PRCS_OUT_SET,AUTO_TYPE,AUTO_USER_OP,AUTO_USER,USER_FILTER,TIME_OUT,TIME_EXCEPT,SIGNLOOK,TOP_DEFAULT,USER_LOCK,MAIL_TO,SYNC_DEAL,SYNC_DEAL_CHECK,TURN_PRIV,CHILD_FLOW,GATHER_NODE,ALLOW_BACK,ATTACH_PRIV,AUTO_BASE_USER,CONDITION_DESC,RELATION,REMIND_FLAG,DISP_AIP,TIME_OUT_TYPE,METADATA_ITEM,EXTEND,EXTEND1,AUTO_SELECT_ROLE,DOC_CREATE,DOC_ATTACH_PRIV) VALUES 
  (581,566,1,'值班人员登记受理',NULL,'受理日期,具体时间,受理人,受理方式,单位,电话,联系人,事由,受理情况,[A@],',NULL,'0',NULL,NULL,0,0,NULL,NULL,NULL,NULL,'0',NULL,NULL,NULL,NULL,NULL,NULL,NULL,'00','0','0','1',NULL,'0',NULL,'1',0,'0','0','1,2,3,4,',0,NULL,NULL,0,0,'0',NULL,NULL,NULL,NULL,NULL,'');
INSERT INTO flow_process (SEQ_ID,FLOW_SEQ_ID,PRCS_ID,PRCS_NAME,PRCS_USER,PRCS_ITEM,HIDDEN_ITEM,PRCS_DEPT,PRCS_PRIV,PRCS_TO,SET_LEFT,SET_TOP,PLUGIN,PRCS_ITEM_AUTO,PRCS_IN,PRCS_OUT,FEEDBACK,PRCS_IN_SET,PRCS_OUT_SET,AUTO_TYPE,AUTO_USER_OP,AUTO_USER,USER_FILTER,TIME_OUT,TIME_EXCEPT,SIGNLOOK,TOP_DEFAULT,USER_LOCK,MAIL_TO,SYNC_DEAL,SYNC_DEAL_CHECK,TURN_PRIV,CHILD_FLOW,GATHER_NODE,ALLOW_BACK,ATTACH_PRIV,AUTO_BASE_USER,CONDITION_DESC,RELATION,REMIND_FLAG,DISP_AIP,TIME_OUT_TYPE,METADATA_ITEM,EXTEND,EXTEND1,AUTO_SELECT_ROLE,DOC_CREATE,DOC_ATTACH_PRIV) VALUES 
  (582,566,2,'领导督办意见',NULL,'督办意见,[A@],',NULL,'0',NULL,'3,1',0,0,NULL,NULL,NULL,NULL,'0',NULL,NULL,NULL,NULL,NULL,NULL,NULL,'00','0','0','1',NULL,'0',NULL,'1',0,'0','0','1,2,3,4,',0,NULL,NULL,0,0,'0',NULL,NULL,NULL,NULL,NULL,'');
INSERT INTO flow_process (SEQ_ID,FLOW_SEQ_ID,PRCS_ID,PRCS_NAME,PRCS_USER,PRCS_ITEM,HIDDEN_ITEM,PRCS_DEPT,PRCS_PRIV,PRCS_TO,SET_LEFT,SET_TOP,PLUGIN,PRCS_ITEM_AUTO,PRCS_IN,PRCS_OUT,FEEDBACK,PRCS_IN_SET,PRCS_OUT_SET,AUTO_TYPE,AUTO_USER_OP,AUTO_USER,USER_FILTER,TIME_OUT,TIME_EXCEPT,SIGNLOOK,TOP_DEFAULT,USER_LOCK,MAIL_TO,SYNC_DEAL,SYNC_DEAL_CHECK,TURN_PRIV,CHILD_FLOW,GATHER_NODE,ALLOW_BACK,ATTACH_PRIV,AUTO_BASE_USER,CONDITION_DESC,RELATION,REMIND_FLAG,DISP_AIP,TIME_OUT_TYPE,METADATA_ITEM,EXTEND,EXTEND1,AUTO_SELECT_ROLE,DOC_CREATE,DOC_ATTACH_PRIV) VALUES 
  (580,565,4,'主办单位查阅',NULL,NULL,NULL,'0',NULL,'0,',0,0,NULL,NULL,NULL,NULL,'0',NULL,NULL,NULL,NULL,NULL,NULL,NULL,'00','0','0','1',NULL,'0',NULL,'1',0,'0','0','1,2,3,4,',0,NULL,NULL,0,0,'0',NULL,NULL,NULL,NULL,NULL,'');
INSERT INTO flow_process (SEQ_ID,FLOW_SEQ_ID,PRCS_ID,PRCS_NAME,PRCS_USER,PRCS_ITEM,HIDDEN_ITEM,PRCS_DEPT,PRCS_PRIV,PRCS_TO,SET_LEFT,SET_TOP,PLUGIN,PRCS_ITEM_AUTO,PRCS_IN,PRCS_OUT,FEEDBACK,PRCS_IN_SET,PRCS_OUT_SET,AUTO_TYPE,AUTO_USER_OP,AUTO_USER,USER_FILTER,TIME_OUT,TIME_EXCEPT,SIGNLOOK,TOP_DEFAULT,USER_LOCK,MAIL_TO,SYNC_DEAL,SYNC_DEAL_CHECK,TURN_PRIV,CHILD_FLOW,GATHER_NODE,ALLOW_BACK,ATTACH_PRIV,AUTO_BASE_USER,CONDITION_DESC,RELATION,REMIND_FLAG,DISP_AIP,TIME_OUT_TYPE,METADATA_ITEM,EXTEND,EXTEND1,AUTO_SELECT_ROLE,DOC_CREATE,DOC_ATTACH_PRIV) VALUES 
  (605,563,3,'申请人查询审批结果',NULL,NULL,NULL,'0',NULL,'0,',0,0,NULL,NULL,NULL,NULL,'0',NULL,NULL,NULL,NULL,NULL,NULL,NULL,'00','0','0','1',NULL,'0',NULL,'1',0,'0','0','1,2,3,4,',0,NULL,NULL,0,0,'0',NULL,NULL,NULL,NULL,NULL,'');
INSERT INTO flow_process (SEQ_ID,FLOW_SEQ_ID,PRCS_ID,PRCS_NAME,PRCS_USER,PRCS_ITEM,HIDDEN_ITEM,PRCS_DEPT,PRCS_PRIV,PRCS_TO,SET_LEFT,SET_TOP,PLUGIN,PRCS_ITEM_AUTO,PRCS_IN,PRCS_OUT,FEEDBACK,PRCS_IN_SET,PRCS_OUT_SET,AUTO_TYPE,AUTO_USER_OP,AUTO_USER,USER_FILTER,TIME_OUT,TIME_EXCEPT,SIGNLOOK,TOP_DEFAULT,USER_LOCK,MAIL_TO,SYNC_DEAL,SYNC_DEAL_CHECK,TURN_PRIV,CHILD_FLOW,GATHER_NODE,ALLOW_BACK,ATTACH_PRIV,AUTO_BASE_USER,CONDITION_DESC,RELATION,REMIND_FLAG,DISP_AIP,TIME_OUT_TYPE,METADATA_ITEM,EXTEND,EXTEND1,AUTO_SELECT_ROLE,DOC_CREATE,DOC_ATTACH_PRIV) VALUES 
  (604,563,2,'领导审批',NULL,'[A@],审批意见,审批结果,审批日期,审批人,',NULL,'0',NULL,'3,1',0,0,NULL,NULL,NULL,NULL,'0',NULL,NULL,NULL,NULL,NULL,NULL,NULL,'00','0','0','1',NULL,'0',NULL,'1',0,'0','0','1,2,3,4,',0,NULL,NULL,0,0,'0',NULL,NULL,NULL,NULL,NULL,'');
INSERT INTO flow_process (SEQ_ID,FLOW_SEQ_ID,PRCS_ID,PRCS_NAME,PRCS_USER,PRCS_ITEM,HIDDEN_ITEM,PRCS_DEPT,PRCS_PRIV,PRCS_TO,SET_LEFT,SET_TOP,PLUGIN,PRCS_ITEM_AUTO,PRCS_IN,PRCS_OUT,FEEDBACK,PRCS_IN_SET,PRCS_OUT_SET,AUTO_TYPE,AUTO_USER_OP,AUTO_USER,USER_FILTER,TIME_OUT,TIME_EXCEPT,SIGNLOOK,TOP_DEFAULT,USER_LOCK,MAIL_TO,SYNC_DEAL,SYNC_DEAL_CHECK,TURN_PRIV,CHILD_FLOW,GATHER_NODE,ALLOW_BACK,ATTACH_PRIV,AUTO_BASE_USER,CONDITION_DESC,RELATION,REMIND_FLAG,DISP_AIP,TIME_OUT_TYPE,METADATA_ITEM,EXTEND,EXTEND1,AUTO_SELECT_ROLE,DOC_CREATE,DOC_ATTACH_PRIV) VALUES 
  (599,562,3,'申请人查询审批结果',NULL,NULL,NULL,'0',NULL,'0,',0,0,NULL,NULL,NULL,NULL,'0',NULL,NULL,NULL,NULL,NULL,NULL,NULL,'00','0','0','1',NULL,'0',NULL,'1',0,'0','0','1,2,3,4,',0,NULL,NULL,0,0,'0',NULL,NULL,NULL,NULL,NULL,'');
INSERT INTO flow_process (SEQ_ID,FLOW_SEQ_ID,PRCS_ID,PRCS_NAME,PRCS_USER,PRCS_ITEM,HIDDEN_ITEM,PRCS_DEPT,PRCS_PRIV,PRCS_TO,SET_LEFT,SET_TOP,PLUGIN,PRCS_ITEM_AUTO,PRCS_IN,PRCS_OUT,FEEDBACK,PRCS_IN_SET,PRCS_OUT_SET,AUTO_TYPE,AUTO_USER_OP,AUTO_USER,USER_FILTER,TIME_OUT,TIME_EXCEPT,SIGNLOOK,TOP_DEFAULT,USER_LOCK,MAIL_TO,SYNC_DEAL,SYNC_DEAL_CHECK,TURN_PRIV,CHILD_FLOW,GATHER_NODE,ALLOW_BACK,ATTACH_PRIV,AUTO_BASE_USER,CONDITION_DESC,RELATION,REMIND_FLAG,DISP_AIP,TIME_OUT_TYPE,METADATA_ITEM,EXTEND,EXTEND1,AUTO_SELECT_ROLE,DOC_CREATE,DOC_ATTACH_PRIV) VALUES 
  (606,571,1,'加班登记',NULL,'[A@],证明人,加班内容,加班结束时间,加班开始时间,加班地点,部门,登记日期,登记人,',NULL,'0',NULL,NULL,0,0,NULL,NULL,NULL,NULL,'0',NULL,NULL,NULL,NULL,NULL,NULL,NULL,'00','0','0','1',NULL,'0',NULL,'1',0,'0','0','1,2,3,4,',0,NULL,NULL,0,0,'0',NULL,NULL,NULL,NULL,NULL,'');
INSERT INTO flow_process (SEQ_ID,FLOW_SEQ_ID,PRCS_ID,PRCS_NAME,PRCS_USER,PRCS_ITEM,HIDDEN_ITEM,PRCS_DEPT,PRCS_PRIV,PRCS_TO,SET_LEFT,SET_TOP,PLUGIN,PRCS_ITEM_AUTO,PRCS_IN,PRCS_OUT,FEEDBACK,PRCS_IN_SET,PRCS_OUT_SET,AUTO_TYPE,AUTO_USER_OP,AUTO_USER,USER_FILTER,TIME_OUT,TIME_EXCEPT,SIGNLOOK,TOP_DEFAULT,USER_LOCK,MAIL_TO,SYNC_DEAL,SYNC_DEAL_CHECK,TURN_PRIV,CHILD_FLOW,GATHER_NODE,ALLOW_BACK,ATTACH_PRIV,AUTO_BASE_USER,CONDITION_DESC,RELATION,REMIND_FLAG,DISP_AIP,TIME_OUT_TYPE,METADATA_ITEM,EXTEND,EXTEND1,AUTO_SELECT_ROLE,DOC_CREATE,DOC_ATTACH_PRIV) VALUES 
  (603,563,1,'出差申请',NULL,'[A@],出差事由,出差地点,出差结束时间,出差开始时间,交通工具,部门,申请日期,申请人,',NULL,'0',NULL,NULL,0,0,NULL,NULL,NULL,NULL,'0',NULL,NULL,NULL,NULL,NULL,NULL,NULL,'00','0','0','1',NULL,'0',NULL,'1',0,'0','0','1,2,3,4,',0,NULL,NULL,0,0,'0',NULL,NULL,NULL,NULL,NULL,'');
INSERT INTO flow_process (SEQ_ID,FLOW_SEQ_ID,PRCS_ID,PRCS_NAME,PRCS_USER,PRCS_ITEM,HIDDEN_ITEM,PRCS_DEPT,PRCS_PRIV,PRCS_TO,SET_LEFT,SET_TOP,PLUGIN,PRCS_ITEM_AUTO,PRCS_IN,PRCS_OUT,FEEDBACK,PRCS_IN_SET,PRCS_OUT_SET,AUTO_TYPE,AUTO_USER_OP,AUTO_USER,USER_FILTER,TIME_OUT,TIME_EXCEPT,SIGNLOOK,TOP_DEFAULT,USER_LOCK,MAIL_TO,SYNC_DEAL,SYNC_DEAL_CHECK,TURN_PRIV,CHILD_FLOW,GATHER_NODE,ALLOW_BACK,ATTACH_PRIV,AUTO_BASE_USER,CONDITION_DESC,RELATION,REMIND_FLAG,DISP_AIP,TIME_OUT_TYPE,METADATA_ITEM,EXTEND,EXTEND1,AUTO_SELECT_ROLE,DOC_CREATE,DOC_ATTACH_PRIV) VALUES 
  (598,562,2,'领导审批',NULL,'[A@],审批意见,审批结果,审批日期,审批人,',NULL,'0',NULL,'3,1',0,0,NULL,NULL,NULL,NULL,'0',NULL,NULL,NULL,NULL,NULL,NULL,NULL,'00','0','0','1',NULL,'0',NULL,'1',0,'0','0','1,2,3,4,',0,NULL,NULL,0,0,'0',NULL,NULL,NULL,NULL,NULL,'');
INSERT INTO flow_process (SEQ_ID,FLOW_SEQ_ID,PRCS_ID,PRCS_NAME,PRCS_USER,PRCS_ITEM,HIDDEN_ITEM,PRCS_DEPT,PRCS_PRIV,PRCS_TO,SET_LEFT,SET_TOP,PLUGIN,PRCS_ITEM_AUTO,PRCS_IN,PRCS_OUT,FEEDBACK,PRCS_IN_SET,PRCS_OUT_SET,AUTO_TYPE,AUTO_USER_OP,AUTO_USER,USER_FILTER,TIME_OUT,TIME_EXCEPT,SIGNLOOK,TOP_DEFAULT,USER_LOCK,MAIL_TO,SYNC_DEAL,SYNC_DEAL_CHECK,TURN_PRIV,CHILD_FLOW,GATHER_NODE,ALLOW_BACK,ATTACH_PRIV,AUTO_BASE_USER,CONDITION_DESC,RELATION,REMIND_FLAG,DISP_AIP,TIME_OUT_TYPE,METADATA_ITEM,EXTEND,EXTEND1,AUTO_SELECT_ROLE,DOC_CREATE,DOC_ATTACH_PRIV) VALUES 
  (597,562,1,'请假申请','','[A@],请假理由,扣假形式,请假结束时间,请假开始时间,假期类别,部门,申请日期,申请人,',NULL,'0','',NULL,0,0,NULL,NULL,NULL,NULL,'0',NULL,NULL,NULL,NULL,NULL,NULL,NULL,'00','0','0','1',NULL,'0',NULL,'1',0,'0','0','1,2,3,4,',0,NULL,NULL,0,0,'0',NULL,NULL,NULL,NULL,NULL,'');
INSERT INTO flow_process (SEQ_ID,FLOW_SEQ_ID,PRCS_ID,PRCS_NAME,PRCS_USER,PRCS_ITEM,HIDDEN_ITEM,PRCS_DEPT,PRCS_PRIV,PRCS_TO,SET_LEFT,SET_TOP,PLUGIN,PRCS_ITEM_AUTO,PRCS_IN,PRCS_OUT,FEEDBACK,PRCS_IN_SET,PRCS_OUT_SET,AUTO_TYPE,AUTO_USER_OP,AUTO_USER,USER_FILTER,TIME_OUT,TIME_EXCEPT,SIGNLOOK,TOP_DEFAULT,USER_LOCK,MAIL_TO,SYNC_DEAL,SYNC_DEAL_CHECK,TURN_PRIV,CHILD_FLOW,GATHER_NODE,ALLOW_BACK,ATTACH_PRIV,AUTO_BASE_USER,CONDITION_DESC,RELATION,REMIND_FLAG,DISP_AIP,TIME_OUT_TYPE,METADATA_ITEM,EXTEND,EXTEND1,AUTO_SELECT_ROLE,DOC_CREATE,DOC_ATTACH_PRIV) VALUES 
  (591,569,1,'申请用车',NULL,'[A@],申请事由,目的地及路线,申请返回时间,申请出发时间,车型,部门,申请日期,申请人,',NULL,'0',NULL,'2,3',0,0,NULL,NULL,NULL,NULL,'0',NULL,NULL,NULL,NULL,NULL,NULL,NULL,'00','0','0','1',NULL,'0',NULL,'1',0,'0','0','1,2,3,4,',0,NULL,NULL,0,0,'0',NULL,NULL,NULL,NULL,NULL,'');
INSERT INTO flow_process (SEQ_ID,FLOW_SEQ_ID,PRCS_ID,PRCS_NAME,PRCS_USER,PRCS_ITEM,HIDDEN_ITEM,PRCS_DEPT,PRCS_PRIV,PRCS_TO,SET_LEFT,SET_TOP,PLUGIN,PRCS_ITEM_AUTO,PRCS_IN,PRCS_OUT,FEEDBACK,PRCS_IN_SET,PRCS_OUT_SET,AUTO_TYPE,AUTO_USER_OP,AUTO_USER,USER_FILTER,TIME_OUT,TIME_EXCEPT,SIGNLOOK,TOP_DEFAULT,USER_LOCK,MAIL_TO,SYNC_DEAL,SYNC_DEAL_CHECK,TURN_PRIV,CHILD_FLOW,GATHER_NODE,ALLOW_BACK,ATTACH_PRIV,AUTO_BASE_USER,CONDITION_DESC,RELATION,REMIND_FLAG,DISP_AIP,TIME_OUT_TYPE,METADATA_ITEM,EXTEND,EXTEND1,AUTO_SELECT_ROLE,DOC_CREATE,DOC_ATTACH_PRIV) VALUES 
  (592,569,2,'部门主管意见',NULL,'部门主管意见,[A@],',NULL,'0',NULL,NULL,0,0,NULL,NULL,NULL,NULL,'0',NULL,NULL,NULL,NULL,NULL,NULL,NULL,'00','0','0','1',NULL,'0',NULL,'1',0,'0','0','1,2,3,4,',0,NULL,NULL,0,0,'0',NULL,NULL,NULL,NULL,NULL,'');
INSERT INTO flow_process (SEQ_ID,FLOW_SEQ_ID,PRCS_ID,PRCS_NAME,PRCS_USER,PRCS_ITEM,HIDDEN_ITEM,PRCS_DEPT,PRCS_PRIV,PRCS_TO,SET_LEFT,SET_TOP,PLUGIN,PRCS_ITEM_AUTO,PRCS_IN,PRCS_OUT,FEEDBACK,PRCS_IN_SET,PRCS_OUT_SET,AUTO_TYPE,AUTO_USER_OP,AUTO_USER,USER_FILTER,TIME_OUT,TIME_EXCEPT,SIGNLOOK,TOP_DEFAULT,USER_LOCK,MAIL_TO,SYNC_DEAL,SYNC_DEAL_CHECK,TURN_PRIV,CHILD_FLOW,GATHER_NODE,ALLOW_BACK,ATTACH_PRIV,AUTO_BASE_USER,CONDITION_DESC,RELATION,REMIND_FLAG,DISP_AIP,TIME_OUT_TYPE,METADATA_ITEM,EXTEND,EXTEND1,AUTO_SELECT_ROLE,DOC_CREATE,DOC_ATTACH_PRIV) VALUES 
  (593,569,3,'管理部门审批',NULL,'管理部门意见,起始数,[A@],',NULL,'0',NULL,'4,1,5',0,0,NULL,NULL,NULL,NULL,'0',NULL,NULL,NULL,NULL,NULL,NULL,NULL,'00','0','0','1',NULL,'0',NULL,'1',0,'0','0','1,2,3,4,',0,NULL,NULL,0,0,'0',NULL,NULL,NULL,NULL,NULL,'');
INSERT INTO flow_process (SEQ_ID,FLOW_SEQ_ID,PRCS_ID,PRCS_NAME,PRCS_USER,PRCS_ITEM,HIDDEN_ITEM,PRCS_DEPT,PRCS_PRIV,PRCS_TO,SET_LEFT,SET_TOP,PLUGIN,PRCS_ITEM_AUTO,PRCS_IN,PRCS_OUT,FEEDBACK,PRCS_IN_SET,PRCS_OUT_SET,AUTO_TYPE,AUTO_USER_OP,AUTO_USER,USER_FILTER,TIME_OUT,TIME_EXCEPT,SIGNLOOK,TOP_DEFAULT,USER_LOCK,MAIL_TO,SYNC_DEAL,SYNC_DEAL_CHECK,TURN_PRIV,CHILD_FLOW,GATHER_NODE,ALLOW_BACK,ATTACH_PRIV,AUTO_BASE_USER,CONDITION_DESC,RELATION,REMIND_FLAG,DISP_AIP,TIME_OUT_TYPE,METADATA_ITEM,EXTEND,EXTEND1,AUTO_SELECT_ROLE,DOC_CREATE,DOC_ATTACH_PRIV) VALUES 
  (594,569,4,'申请人用车后登记有关情况',NULL,'[A@],行驶里程,终止数,出车费用,归来时间,',NULL,'0',NULL,NULL,0,0,NULL,NULL,NULL,NULL,'0',NULL,NULL,NULL,NULL,NULL,NULL,NULL,'00','0','0','1',NULL,'0',NULL,'1',0,'0','0','1,2,3,4,',0,NULL,NULL,0,0,'0',NULL,NULL,NULL,NULL,NULL,'');
INSERT INTO flow_process (SEQ_ID,FLOW_SEQ_ID,PRCS_ID,PRCS_NAME,PRCS_USER,PRCS_ITEM,HIDDEN_ITEM,PRCS_DEPT,PRCS_PRIV,PRCS_TO,SET_LEFT,SET_TOP,PLUGIN,PRCS_ITEM_AUTO,PRCS_IN,PRCS_OUT,FEEDBACK,PRCS_IN_SET,PRCS_OUT_SET,AUTO_TYPE,AUTO_USER_OP,AUTO_USER,USER_FILTER,TIME_OUT,TIME_EXCEPT,SIGNLOOK,TOP_DEFAULT,USER_LOCK,MAIL_TO,SYNC_DEAL,SYNC_DEAL_CHECK,TURN_PRIV,CHILD_FLOW,GATHER_NODE,ALLOW_BACK,ATTACH_PRIV,AUTO_BASE_USER,CONDITION_DESC,RELATION,REMIND_FLAG,DISP_AIP,TIME_OUT_TYPE,METADATA_ITEM,EXTEND,EXTEND1,AUTO_SELECT_ROLE,DOC_CREATE,DOC_ATTACH_PRIV) VALUES 
  (595,569,5,'管理部门审核',NULL,'[A@],行驶里程,终止数,出车费用,归来时间,',NULL,'0',NULL,'0,',0,0,NULL,NULL,NULL,NULL,'0',NULL,NULL,NULL,NULL,NULL,NULL,NULL,'00','0','0','1',NULL,'0',NULL,'1',0,'0','0','1,2,3,4,',0,NULL,NULL,0,0,'0',NULL,NULL,NULL,NULL,NULL,'');
INSERT INTO flow_process (SEQ_ID,FLOW_SEQ_ID,PRCS_ID,PRCS_NAME,PRCS_USER,PRCS_ITEM,HIDDEN_ITEM,PRCS_DEPT,PRCS_PRIV,PRCS_TO,SET_LEFT,SET_TOP,PLUGIN,PRCS_ITEM_AUTO,PRCS_IN,PRCS_OUT,FEEDBACK,PRCS_IN_SET,PRCS_OUT_SET,AUTO_TYPE,AUTO_USER_OP,AUTO_USER,USER_FILTER,TIME_OUT,TIME_EXCEPT,SIGNLOOK,TOP_DEFAULT,USER_LOCK,MAIL_TO,SYNC_DEAL,SYNC_DEAL_CHECK,TURN_PRIV,CHILD_FLOW,GATHER_NODE,ALLOW_BACK,ATTACH_PRIV,AUTO_BASE_USER,CONDITION_DESC,RELATION,REMIND_FLAG,DISP_AIP,TIME_OUT_TYPE,METADATA_ITEM,EXTEND,EXTEND1,AUTO_SELECT_ROLE,DOC_CREATE,DOC_ATTACH_PRIV) VALUES 
  (596,570,1,'复印登记',NULL,'[A@],总计页数,复印份数,文件页数,文件名称,纸型,部门,复印日期,签印人,',NULL,'0',NULL,'0,',0,0,NULL,NULL,NULL,NULL,'0',NULL,NULL,NULL,NULL,NULL,NULL,NULL,'00','0','0','1',NULL,'0',NULL,'1',0,'0','0','1,2,3,4,',0,NULL,NULL,0,0,'0',NULL,NULL,NULL,NULL,NULL,'');
INSERT INTO flow_process (SEQ_ID,FLOW_SEQ_ID,PRCS_ID,PRCS_NAME,PRCS_USER,PRCS_ITEM,HIDDEN_ITEM,PRCS_DEPT,PRCS_PRIV,PRCS_TO,SET_LEFT,SET_TOP,PLUGIN,PRCS_ITEM_AUTO,PRCS_IN,PRCS_OUT,FEEDBACK,PRCS_IN_SET,PRCS_OUT_SET,AUTO_TYPE,AUTO_USER_OP,AUTO_USER,USER_FILTER,TIME_OUT,TIME_EXCEPT,SIGNLOOK,TOP_DEFAULT,USER_LOCK,MAIL_TO,SYNC_DEAL,SYNC_DEAL_CHECK,TURN_PRIV,CHILD_FLOW,GATHER_NODE,ALLOW_BACK,ATTACH_PRIV,AUTO_BASE_USER,CONDITION_DESC,RELATION,REMIND_FLAG,DISP_AIP,TIME_OUT_TYPE,METADATA_ITEM,EXTEND,EXTEND1,AUTO_SELECT_ROLE,DOC_CREATE,DOC_ATTACH_PRIV) VALUES 
  (607,571,2,'领导审核',NULL,'[A@],审核意见,审核结果,审核日期,审核人,',NULL,'0',NULL,'1,0',0,0,NULL,NULL,NULL,NULL,'0',NULL,NULL,NULL,NULL,NULL,NULL,NULL,'00','0','0','1',NULL,'0',NULL,'1',0,'0','0','1,2,3,4,',0,NULL,NULL,0,0,'0',NULL,NULL,NULL,NULL,NULL,'');
INSERT INTO flow_process (SEQ_ID,FLOW_SEQ_ID,PRCS_ID,PRCS_NAME,PRCS_USER,PRCS_ITEM,HIDDEN_ITEM,PRCS_DEPT,PRCS_PRIV,PRCS_TO,SET_LEFT,SET_TOP,PLUGIN,PRCS_ITEM_AUTO,PRCS_IN,PRCS_OUT,FEEDBACK,PRCS_IN_SET,PRCS_OUT_SET,AUTO_TYPE,AUTO_USER_OP,AUTO_USER,USER_FILTER,TIME_OUT,TIME_EXCEPT,SIGNLOOK,TOP_DEFAULT,USER_LOCK,MAIL_TO,SYNC_DEAL,SYNC_DEAL_CHECK,TURN_PRIV,CHILD_FLOW,GATHER_NODE,ALLOW_BACK,ATTACH_PRIV,AUTO_BASE_USER,CONDITION_DESC,RELATION,REMIND_FLAG,DISP_AIP,TIME_OUT_TYPE,METADATA_ITEM,EXTEND,EXTEND1,AUTO_SELECT_ROLE,DOC_CREATE,DOC_ATTACH_PRIV) VALUES 
  (608,572,1,'拟案',NULL,'[A@],提案内容,具体事录,部门,姓名,拟案日期,分类,',NULL,'0',NULL,NULL,0,0,NULL,NULL,NULL,NULL,'0',NULL,NULL,NULL,NULL,NULL,NULL,NULL,'00','0','0','1',NULL,'0',NULL,'1',0,'0','0','1,2,3,4,',0,NULL,NULL,0,0,'0',NULL,NULL,NULL,NULL,NULL,'');
INSERT INTO flow_process (SEQ_ID,FLOW_SEQ_ID,PRCS_ID,PRCS_NAME,PRCS_USER,PRCS_ITEM,HIDDEN_ITEM,PRCS_DEPT,PRCS_PRIV,PRCS_TO,SET_LEFT,SET_TOP,PLUGIN,PRCS_ITEM_AUTO,PRCS_IN,PRCS_OUT,FEEDBACK,PRCS_IN_SET,PRCS_OUT_SET,AUTO_TYPE,AUTO_USER_OP,AUTO_USER,USER_FILTER,TIME_OUT,TIME_EXCEPT,SIGNLOOK,TOP_DEFAULT,USER_LOCK,MAIL_TO,SYNC_DEAL,SYNC_DEAL_CHECK,TURN_PRIV,CHILD_FLOW,GATHER_NODE,ALLOW_BACK,ATTACH_PRIV,AUTO_BASE_USER,CONDITION_DESC,RELATION,REMIND_FLAG,DISP_AIP,TIME_OUT_TYPE,METADATA_ITEM,EXTEND,EXTEND1,AUTO_SELECT_ROLE,DOC_CREATE,DOC_ATTACH_PRIV) VALUES 
  (609,572,2,'人事主管签字',NULL,'[A@],备注,人事主管,',NULL,'0',NULL,'3,1',0,0,NULL,NULL,NULL,NULL,'0',NULL,NULL,NULL,NULL,NULL,NULL,NULL,'00','0','0','1',NULL,'0',NULL,'1',0,'0','0','1,2,3,4,',0,NULL,NULL,0,0,'0',NULL,NULL,NULL,NULL,NULL,'');
INSERT INTO flow_process (SEQ_ID,FLOW_SEQ_ID,PRCS_ID,PRCS_NAME,PRCS_USER,PRCS_ITEM,HIDDEN_ITEM,PRCS_DEPT,PRCS_PRIV,PRCS_TO,SET_LEFT,SET_TOP,PLUGIN,PRCS_ITEM_AUTO,PRCS_IN,PRCS_OUT,FEEDBACK,PRCS_IN_SET,PRCS_OUT_SET,AUTO_TYPE,AUTO_USER_OP,AUTO_USER,USER_FILTER,TIME_OUT,TIME_EXCEPT,SIGNLOOK,TOP_DEFAULT,USER_LOCK,MAIL_TO,SYNC_DEAL,SYNC_DEAL_CHECK,TURN_PRIV,CHILD_FLOW,GATHER_NODE,ALLOW_BACK,ATTACH_PRIV,AUTO_BASE_USER,CONDITION_DESC,RELATION,REMIND_FLAG,DISP_AIP,TIME_OUT_TYPE,METADATA_ITEM,EXTEND,EXTEND1,AUTO_SELECT_ROLE,DOC_CREATE,DOC_ATTACH_PRIV) VALUES 
  (610,572,3,'单位领导签字',NULL,'[A@],备注,单位领导,',NULL,'0',NULL,'2,0',0,0,NULL,NULL,NULL,NULL,'0',NULL,NULL,NULL,NULL,NULL,NULL,NULL,'00','0','0','1',NULL,'0',NULL,'1',0,'0','0','1,2,3,4,',0,NULL,NULL,0,0,'0',NULL,NULL,NULL,NULL,NULL,'');
INSERT INTO flow_process (SEQ_ID,FLOW_SEQ_ID,PRCS_ID,PRCS_NAME,PRCS_USER,PRCS_ITEM,HIDDEN_ITEM,PRCS_DEPT,PRCS_PRIV,PRCS_TO,SET_LEFT,SET_TOP,PLUGIN,PRCS_ITEM_AUTO,PRCS_IN,PRCS_OUT,FEEDBACK,PRCS_IN_SET,PRCS_OUT_SET,AUTO_TYPE,AUTO_USER_OP,AUTO_USER,USER_FILTER,TIME_OUT,TIME_EXCEPT,SIGNLOOK,TOP_DEFAULT,USER_LOCK,MAIL_TO,SYNC_DEAL,SYNC_DEAL_CHECK,TURN_PRIV,CHILD_FLOW,GATHER_NODE,ALLOW_BACK,ATTACH_PRIV,AUTO_BASE_USER,CONDITION_DESC,RELATION,REMIND_FLAG,DISP_AIP,TIME_OUT_TYPE,METADATA_ITEM,EXTEND,EXTEND1,AUTO_SELECT_ROLE,DOC_CREATE,DOC_ATTACH_PRIV) VALUES 
  (611,573,1,'当事人申请',NULL,'支付方式,款额,用途,部门,申请人,[A@],',NULL,'0',NULL,'2,3',0,0,NULL,NULL,NULL,NULL,'0',NULL,NULL,NULL,NULL,NULL,NULL,NULL,'00','0','0','1',NULL,'0',NULL,'1',0,'0','0','1,2,3,4,',0,NULL,NULL,0,0,'0',NULL,NULL,NULL,NULL,NULL,'');
INSERT INTO flow_process (SEQ_ID,FLOW_SEQ_ID,PRCS_ID,PRCS_NAME,PRCS_USER,PRCS_ITEM,HIDDEN_ITEM,PRCS_DEPT,PRCS_PRIV,PRCS_TO,SET_LEFT,SET_TOP,PLUGIN,PRCS_ITEM_AUTO,PRCS_IN,PRCS_OUT,FEEDBACK,PRCS_IN_SET,PRCS_OUT_SET,AUTO_TYPE,AUTO_USER_OP,AUTO_USER,USER_FILTER,TIME_OUT,TIME_EXCEPT,SIGNLOOK,TOP_DEFAULT,USER_LOCK,MAIL_TO,SYNC_DEAL,SYNC_DEAL_CHECK,TURN_PRIV,CHILD_FLOW,GATHER_NODE,ALLOW_BACK,ATTACH_PRIV,AUTO_BASE_USER,CONDITION_DESC,RELATION,REMIND_FLAG,DISP_AIP,TIME_OUT_TYPE,METADATA_ITEM,EXTEND,EXTEND1,AUTO_SELECT_ROLE,DOC_CREATE,DOC_ATTACH_PRIV) VALUES 
  (612,573,2,'部门主管审批',NULL,'部门主管,备注,[A@],',NULL,'0',NULL,'3,1',0,0,NULL,NULL,NULL,NULL,'0',NULL,NULL,NULL,NULL,NULL,NULL,NULL,'00','0','0','1',NULL,'0',NULL,'1',0,'0','0','1,2,3,4,',0,NULL,NULL,0,0,'0',NULL,NULL,NULL,NULL,NULL,'');
INSERT INTO flow_process (SEQ_ID,FLOW_SEQ_ID,PRCS_ID,PRCS_NAME,PRCS_USER,PRCS_ITEM,HIDDEN_ITEM,PRCS_DEPT,PRCS_PRIV,PRCS_TO,SET_LEFT,SET_TOP,PLUGIN,PRCS_ITEM_AUTO,PRCS_IN,PRCS_OUT,FEEDBACK,PRCS_IN_SET,PRCS_OUT_SET,AUTO_TYPE,AUTO_USER_OP,AUTO_USER,USER_FILTER,TIME_OUT,TIME_EXCEPT,SIGNLOOK,TOP_DEFAULT,USER_LOCK,MAIL_TO,SYNC_DEAL,SYNC_DEAL_CHECK,TURN_PRIV,CHILD_FLOW,GATHER_NODE,ALLOW_BACK,ATTACH_PRIV,AUTO_BASE_USER,CONDITION_DESC,RELATION,REMIND_FLAG,DISP_AIP,TIME_OUT_TYPE,METADATA_ITEM,EXTEND,EXTEND1,AUTO_SELECT_ROLE,DOC_CREATE,DOC_ATTACH_PRIV) VALUES 
  (613,573,3,'财务主管审批',NULL,'财务主管,备注,[A@],',NULL,'0',NULL,'4,1',0,0,NULL,NULL,NULL,NULL,'0',NULL,NULL,NULL,NULL,NULL,NULL,NULL,'00','0','0','1',NULL,'0',NULL,'1',0,'0','0','1,2,3,4,',0,NULL,NULL,0,0,'0',NULL,NULL,NULL,NULL,NULL,'');
INSERT INTO flow_process (SEQ_ID,FLOW_SEQ_ID,PRCS_ID,PRCS_NAME,PRCS_USER,PRCS_ITEM,HIDDEN_ITEM,PRCS_DEPT,PRCS_PRIV,PRCS_TO,SET_LEFT,SET_TOP,PLUGIN,PRCS_ITEM_AUTO,PRCS_IN,PRCS_OUT,FEEDBACK,PRCS_IN_SET,PRCS_OUT_SET,AUTO_TYPE,AUTO_USER_OP,AUTO_USER,USER_FILTER,TIME_OUT,TIME_EXCEPT,SIGNLOOK,TOP_DEFAULT,USER_LOCK,MAIL_TO,SYNC_DEAL,SYNC_DEAL_CHECK,TURN_PRIV,CHILD_FLOW,GATHER_NODE,ALLOW_BACK,ATTACH_PRIV,AUTO_BASE_USER,CONDITION_DESC,RELATION,REMIND_FLAG,DISP_AIP,TIME_OUT_TYPE,METADATA_ITEM,EXTEND,EXTEND1,AUTO_SELECT_ROLE,DOC_CREATE,DOC_ATTACH_PRIV) VALUES 
  (614,573,4,'总经理审批',NULL,'总经理,备注,[A@],',NULL,'0',NULL,'5,1',0,0,NULL,NULL,NULL,NULL,'0',NULL,NULL,NULL,NULL,NULL,NULL,NULL,'00','0','0','1',NULL,'0',NULL,'1',0,'0','0','1,2,3,4,',0,NULL,NULL,0,0,'0',NULL,NULL,NULL,NULL,NULL,'');
INSERT INTO flow_process (SEQ_ID,FLOW_SEQ_ID,PRCS_ID,PRCS_NAME,PRCS_USER,PRCS_ITEM,HIDDEN_ITEM,PRCS_DEPT,PRCS_PRIV,PRCS_TO,SET_LEFT,SET_TOP,PLUGIN,PRCS_ITEM_AUTO,PRCS_IN,PRCS_OUT,FEEDBACK,PRCS_IN_SET,PRCS_OUT_SET,AUTO_TYPE,AUTO_USER_OP,AUTO_USER,USER_FILTER,TIME_OUT,TIME_EXCEPT,SIGNLOOK,TOP_DEFAULT,USER_LOCK,MAIL_TO,SYNC_DEAL,SYNC_DEAL_CHECK,TURN_PRIV,CHILD_FLOW,GATHER_NODE,ALLOW_BACK,ATTACH_PRIV,AUTO_BASE_USER,CONDITION_DESC,RELATION,REMIND_FLAG,DISP_AIP,TIME_OUT_TYPE,METADATA_ITEM,EXTEND,EXTEND1,AUTO_SELECT_ROLE,DOC_CREATE,DOC_ATTACH_PRIV) VALUES 
  (615,573,5,'审请人查阅审批情况',NULL,NULL,NULL,'0',NULL,'0,',0,0,NULL,NULL,NULL,NULL,'0',NULL,NULL,NULL,NULL,NULL,NULL,NULL,'00','0','0','1',NULL,'0',NULL,'1',0,'0','0','1,2,3,4,',0,NULL,NULL,0,0,'0',NULL,NULL,NULL,NULL,NULL,'');
INSERT INTO flow_process (SEQ_ID,FLOW_SEQ_ID,PRCS_ID,PRCS_NAME,PRCS_USER,PRCS_ITEM,HIDDEN_ITEM,PRCS_DEPT,PRCS_PRIV,PRCS_TO,SET_LEFT,SET_TOP,PLUGIN,PRCS_ITEM_AUTO,PRCS_IN,PRCS_OUT,FEEDBACK,PRCS_IN_SET,PRCS_OUT_SET,AUTO_TYPE,AUTO_USER_OP,AUTO_USER,USER_FILTER,TIME_OUT,TIME_EXCEPT,SIGNLOOK,TOP_DEFAULT,USER_LOCK,MAIL_TO,SYNC_DEAL,SYNC_DEAL_CHECK,TURN_PRIV,CHILD_FLOW,GATHER_NODE,ALLOW_BACK,ATTACH_PRIV,AUTO_BASE_USER,CONDITION_DESC,RELATION,REMIND_FLAG,DISP_AIP,TIME_OUT_TYPE,METADATA_ITEM,EXTEND,EXTEND1,AUTO_SELECT_ROLE,DOC_CREATE,DOC_ATTACH_PRIV) VALUES 
  (616,574,1,'出纳登记',NULL,'[A@],备注,领款人,科目,贷方金额,借方金额,摘要,凭证编号,日期,',NULL,'0',NULL,NULL,0,0,NULL,NULL,NULL,NULL,'0',NULL,NULL,NULL,NULL,NULL,NULL,NULL,'00','0','0','1',NULL,'0',NULL,'1',0,'0','0','1,2,3,4,',0,NULL,NULL,0,0,'0',NULL,NULL,NULL,NULL,NULL,'');
INSERT INTO flow_process (SEQ_ID,FLOW_SEQ_ID,PRCS_ID,PRCS_NAME,PRCS_USER,PRCS_ITEM,HIDDEN_ITEM,PRCS_DEPT,PRCS_PRIV,PRCS_TO,SET_LEFT,SET_TOP,PLUGIN,PRCS_ITEM_AUTO,PRCS_IN,PRCS_OUT,FEEDBACK,PRCS_IN_SET,PRCS_OUT_SET,AUTO_TYPE,AUTO_USER_OP,AUTO_USER,USER_FILTER,TIME_OUT,TIME_EXCEPT,SIGNLOOK,TOP_DEFAULT,USER_LOCK,MAIL_TO,SYNC_DEAL,SYNC_DEAL_CHECK,TURN_PRIV,CHILD_FLOW,GATHER_NODE,ALLOW_BACK,ATTACH_PRIV,AUTO_BASE_USER,CONDITION_DESC,RELATION,REMIND_FLAG,DISP_AIP,TIME_OUT_TYPE,METADATA_ITEM,EXTEND,EXTEND1,AUTO_SELECT_ROLE,DOC_CREATE,DOC_ATTACH_PRIV) VALUES 
  (617,574,2,'主管审核',NULL,'批准人,备注,[A@],',NULL,'0',NULL,'1,0',0,0,NULL,NULL,NULL,NULL,'0',NULL,NULL,NULL,NULL,NULL,NULL,NULL,'00','0','0','1',NULL,'0',NULL,'1',0,'0','0','1,2,3,4,',0,NULL,NULL,0,0,'0',NULL,NULL,NULL,NULL,NULL,'');
INSERT INTO flow_process (SEQ_ID,FLOW_SEQ_ID,PRCS_ID,PRCS_NAME,PRCS_USER,PRCS_ITEM,HIDDEN_ITEM,PRCS_DEPT,PRCS_PRIV,PRCS_TO,SET_LEFT,SET_TOP,PLUGIN,PRCS_ITEM_AUTO,PRCS_IN,PRCS_OUT,FEEDBACK,PRCS_IN_SET,PRCS_OUT_SET,AUTO_TYPE,AUTO_USER_OP,AUTO_USER,USER_FILTER,TIME_OUT,TIME_EXCEPT,SIGNLOOK,TOP_DEFAULT,USER_LOCK,MAIL_TO,SYNC_DEAL,SYNC_DEAL_CHECK,TURN_PRIV,CHILD_FLOW,GATHER_NODE,ALLOW_BACK,ATTACH_PRIV,AUTO_BASE_USER,CONDITION_DESC,RELATION,REMIND_FLAG,DISP_AIP,TIME_OUT_TYPE,METADATA_ITEM,EXTEND,EXTEND1,AUTO_SELECT_ROLE,DOC_CREATE,DOC_ATTACH_PRIV) VALUES 
  (623,576,1,'申请',NULL,'[A@],项目费用预算,项目进度,人员需求,项目效益预期,项目概述,申请日期,项目名称,',NULL,'0',NULL,NULL,0,0,NULL,NULL,NULL,NULL,'0',NULL,NULL,NULL,NULL,NULL,NULL,NULL,'00','0','0','1',NULL,'0',NULL,'1',0,'0','0','1,2,3,4,',0,NULL,NULL,0,0,'0',NULL,NULL,NULL,NULL,NULL,'');
INSERT INTO flow_process (SEQ_ID,FLOW_SEQ_ID,PRCS_ID,PRCS_NAME,PRCS_USER,PRCS_ITEM,HIDDEN_ITEM,PRCS_DEPT,PRCS_PRIV,PRCS_TO,SET_LEFT,SET_TOP,PLUGIN,PRCS_ITEM_AUTO,PRCS_IN,PRCS_OUT,FEEDBACK,PRCS_IN_SET,PRCS_OUT_SET,AUTO_TYPE,AUTO_USER_OP,AUTO_USER,USER_FILTER,TIME_OUT,TIME_EXCEPT,SIGNLOOK,TOP_DEFAULT,USER_LOCK,MAIL_TO,SYNC_DEAL,SYNC_DEAL_CHECK,TURN_PRIV,CHILD_FLOW,GATHER_NODE,ALLOW_BACK,ATTACH_PRIV,AUTO_BASE_USER,CONDITION_DESC,RELATION,REMIND_FLAG,DISP_AIP,TIME_OUT_TYPE,METADATA_ITEM,EXTEND,EXTEND1,AUTO_SELECT_ROLE,DOC_CREATE,DOC_ATTACH_PRIV) VALUES 
  (624,576,2,'审核',NULL,'[A@],领导审核意见,',NULL,'0',NULL,'3,1',0,0,NULL,NULL,NULL,NULL,'0',NULL,NULL,NULL,NULL,NULL,NULL,NULL,'00','0','0','1',NULL,'0',NULL,'1',0,'0','0','1,2,3,4,',0,NULL,NULL,0,0,'0',NULL,NULL,NULL,NULL,NULL,'');
INSERT INTO flow_process (SEQ_ID,FLOW_SEQ_ID,PRCS_ID,PRCS_NAME,PRCS_USER,PRCS_ITEM,HIDDEN_ITEM,PRCS_DEPT,PRCS_PRIV,PRCS_TO,SET_LEFT,SET_TOP,PLUGIN,PRCS_ITEM_AUTO,PRCS_IN,PRCS_OUT,FEEDBACK,PRCS_IN_SET,PRCS_OUT_SET,AUTO_TYPE,AUTO_USER_OP,AUTO_USER,USER_FILTER,TIME_OUT,TIME_EXCEPT,SIGNLOOK,TOP_DEFAULT,USER_LOCK,MAIL_TO,SYNC_DEAL,SYNC_DEAL_CHECK,TURN_PRIV,CHILD_FLOW,GATHER_NODE,ALLOW_BACK,ATTACH_PRIV,AUTO_BASE_USER,CONDITION_DESC,RELATION,REMIND_FLAG,DISP_AIP,TIME_OUT_TYPE,METADATA_ITEM,EXTEND,EXTEND1,AUTO_SELECT_ROLE,DOC_CREATE,DOC_ATTACH_PRIV) VALUES 
  (625,576,3,'申请人查看审核情况',NULL,NULL,NULL,'0',NULL,'0,',0,0,NULL,NULL,NULL,NULL,'0',NULL,NULL,NULL,NULL,NULL,NULL,NULL,'00','0','0','1',NULL,'0',NULL,'1',0,'0','0','1,2,3,4,',0,NULL,NULL,0,0,'0',NULL,NULL,NULL,NULL,NULL,'');
INSERT INTO flow_process (SEQ_ID,FLOW_SEQ_ID,PRCS_ID,PRCS_NAME,PRCS_USER,PRCS_ITEM,HIDDEN_ITEM,PRCS_DEPT,PRCS_PRIV,PRCS_TO,SET_LEFT,SET_TOP,PLUGIN,PRCS_ITEM_AUTO,PRCS_IN,PRCS_OUT,FEEDBACK,PRCS_IN_SET,PRCS_OUT_SET,AUTO_TYPE,AUTO_USER_OP,AUTO_USER,USER_FILTER,TIME_OUT,TIME_EXCEPT,SIGNLOOK,TOP_DEFAULT,USER_LOCK,MAIL_TO,SYNC_DEAL,SYNC_DEAL_CHECK,TURN_PRIV,CHILD_FLOW,GATHER_NODE,ALLOW_BACK,ATTACH_PRIV,AUTO_BASE_USER,CONDITION_DESC,RELATION,REMIND_FLAG,DISP_AIP,TIME_OUT_TYPE,METADATA_ITEM,EXTEND,EXTEND1,AUTO_SELECT_ROLE,DOC_CREATE,DOC_ATTACH_PRIV) VALUES 
  (626,577,1,'提出申请',NULL,'提案人,申请日期,申请原因,产品类型,申请内容,[A@],',NULL,'0',NULL,NULL,0,0,NULL,NULL,NULL,NULL,'0',NULL,NULL,NULL,NULL,NULL,NULL,NULL,'00','0','0','1',NULL,'0',NULL,'1',0,'0','0','1,2,3,4,',0,NULL,NULL,0,0,'0',NULL,NULL,NULL,NULL,NULL,'');
INSERT INTO flow_process (SEQ_ID,FLOW_SEQ_ID,PRCS_ID,PRCS_NAME,PRCS_USER,PRCS_ITEM,HIDDEN_ITEM,PRCS_DEPT,PRCS_PRIV,PRCS_TO,SET_LEFT,SET_TOP,PLUGIN,PRCS_ITEM_AUTO,PRCS_IN,PRCS_OUT,FEEDBACK,PRCS_IN_SET,PRCS_OUT_SET,AUTO_TYPE,AUTO_USER_OP,AUTO_USER,USER_FILTER,TIME_OUT,TIME_EXCEPT,SIGNLOOK,TOP_DEFAULT,USER_LOCK,MAIL_TO,SYNC_DEAL,SYNC_DEAL_CHECK,TURN_PRIV,CHILD_FLOW,GATHER_NODE,ALLOW_BACK,ATTACH_PRIV,AUTO_BASE_USER,CONDITION_DESC,RELATION,REMIND_FLAG,DISP_AIP,TIME_OUT_TYPE,METADATA_ITEM,EXTEND,EXTEND1,AUTO_SELECT_ROLE,DOC_CREATE,DOC_ATTACH_PRIV) VALUES 
  (627,577,2,'审批与处理',NULL,'审批与处理情况,备注,[A@],',NULL,'0',NULL,'0,',0,0,NULL,NULL,NULL,NULL,'0',NULL,NULL,NULL,NULL,NULL,NULL,NULL,'00','0','0','1',NULL,'0',NULL,'1',0,'0','0','1,2,3,4,',0,NULL,NULL,0,0,'0',NULL,NULL,NULL,NULL,NULL,'');
INSERT INTO flow_process (SEQ_ID,FLOW_SEQ_ID,PRCS_ID,PRCS_NAME,PRCS_USER,PRCS_ITEM,HIDDEN_ITEM,PRCS_DEPT,PRCS_PRIV,PRCS_TO,SET_LEFT,SET_TOP,PLUGIN,PRCS_ITEM_AUTO,PRCS_IN,PRCS_OUT,FEEDBACK,PRCS_IN_SET,PRCS_OUT_SET,AUTO_TYPE,AUTO_USER_OP,AUTO_USER,USER_FILTER,TIME_OUT,TIME_EXCEPT,SIGNLOOK,TOP_DEFAULT,USER_LOCK,MAIL_TO,SYNC_DEAL,SYNC_DEAL_CHECK,TURN_PRIV,CHILD_FLOW,GATHER_NODE,ALLOW_BACK,ATTACH_PRIV,AUTO_BASE_USER,CONDITION_DESC,RELATION,REMIND_FLAG,DISP_AIP,TIME_OUT_TYPE,METADATA_ITEM,EXTEND,EXTEND1,AUTO_SELECT_ROLE,DOC_CREATE,DOC_ATTACH_PRIV) VALUES 
  (628,578,1,'报告撰写',NULL,'[A@],准备采取的对策,处理意见,主要问题,检查质量标准,检查方法,检查日期,产品名称,',NULL,'0',NULL,NULL,0,0,NULL,NULL,NULL,NULL,'0',NULL,NULL,NULL,NULL,NULL,NULL,NULL,'00','0','0','1',NULL,'0',NULL,'1',0,'0','0','1,2,3,4,',0,NULL,NULL,0,0,'0',NULL,NULL,NULL,NULL,NULL,'');
INSERT INTO flow_process (SEQ_ID,FLOW_SEQ_ID,PRCS_ID,PRCS_NAME,PRCS_USER,PRCS_ITEM,HIDDEN_ITEM,PRCS_DEPT,PRCS_PRIV,PRCS_TO,SET_LEFT,SET_TOP,PLUGIN,PRCS_ITEM_AUTO,PRCS_IN,PRCS_OUT,FEEDBACK,PRCS_IN_SET,PRCS_OUT_SET,AUTO_TYPE,AUTO_USER_OP,AUTO_USER,USER_FILTER,TIME_OUT,TIME_EXCEPT,SIGNLOOK,TOP_DEFAULT,USER_LOCK,MAIL_TO,SYNC_DEAL,SYNC_DEAL_CHECK,TURN_PRIV,CHILD_FLOW,GATHER_NODE,ALLOW_BACK,ATTACH_PRIV,AUTO_BASE_USER,CONDITION_DESC,RELATION,REMIND_FLAG,DISP_AIP,TIME_OUT_TYPE,METADATA_ITEM,EXTEND,EXTEND1,AUTO_SELECT_ROLE,DOC_CREATE,DOC_ATTACH_PRIV) VALUES 
  (629,578,2,'领导审核',NULL,'[A@],领导审核审批,',NULL,'0',NULL,'1,0',0,0,NULL,NULL,NULL,NULL,'0',NULL,NULL,NULL,NULL,NULL,NULL,NULL,'00','0','0','1',NULL,'0',NULL,'1',0,'0','0','1,2,3,4,',0,NULL,NULL,0,0,'0',NULL,NULL,NULL,NULL,NULL,'');
INSERT INTO flow_process (SEQ_ID,FLOW_SEQ_ID,PRCS_ID,PRCS_NAME,PRCS_USER,PRCS_ITEM,HIDDEN_ITEM,PRCS_DEPT,PRCS_PRIV,PRCS_TO,SET_LEFT,SET_TOP,PLUGIN,PRCS_ITEM_AUTO,PRCS_IN,PRCS_OUT,FEEDBACK,PRCS_IN_SET,PRCS_OUT_SET,AUTO_TYPE,AUTO_USER_OP,AUTO_USER,USER_FILTER,TIME_OUT,TIME_EXCEPT,SIGNLOOK,TOP_DEFAULT,USER_LOCK,MAIL_TO,SYNC_DEAL,SYNC_DEAL_CHECK,TURN_PRIV,CHILD_FLOW,GATHER_NODE,ALLOW_BACK,ATTACH_PRIV,AUTO_BASE_USER,CONDITION_DESC,RELATION,REMIND_FLAG,DISP_AIP,TIME_OUT_TYPE,METADATA_ITEM,EXTEND,EXTEND1,AUTO_SELECT_ROLE,DOC_CREATE,DOC_ATTACH_PRIV) VALUES 
  (630,579,1,'业务订单填写',NULL,'订单日期,业务员,客户要求,订单编号,[A@],',NULL,'0',NULL,NULL,0,0,NULL,NULL,NULL,NULL,'0',NULL,NULL,NULL,NULL,NULL,NULL,NULL,'00','0','0','1',NULL,'0',NULL,'1',0,'0','0','1,2,3,4,',0,NULL,NULL,0,0,'0',NULL,NULL,NULL,NULL,NULL,'');
INSERT INTO flow_process (SEQ_ID,FLOW_SEQ_ID,PRCS_ID,PRCS_NAME,PRCS_USER,PRCS_ITEM,HIDDEN_ITEM,PRCS_DEPT,PRCS_PRIV,PRCS_TO,SET_LEFT,SET_TOP,PLUGIN,PRCS_ITEM_AUTO,PRCS_IN,PRCS_OUT,FEEDBACK,PRCS_IN_SET,PRCS_OUT_SET,AUTO_TYPE,AUTO_USER_OP,AUTO_USER,USER_FILTER,TIME_OUT,TIME_EXCEPT,SIGNLOOK,TOP_DEFAULT,USER_LOCK,MAIL_TO,SYNC_DEAL,SYNC_DEAL_CHECK,TURN_PRIV,CHILD_FLOW,GATHER_NODE,ALLOW_BACK,ATTACH_PRIV,AUTO_BASE_USER,CONDITION_DESC,RELATION,REMIND_FLAG,DISP_AIP,TIME_OUT_TYPE,METADATA_ITEM,EXTEND,EXTEND1,AUTO_SELECT_ROLE,DOC_CREATE,DOC_ATTACH_PRIV) VALUES 
  (631,579,2,'生产完工反馈',NULL,'[A@],完工反馈日期,反馈人,完工反馈,',NULL,'0',NULL,NULL,0,0,NULL,NULL,NULL,NULL,'0',NULL,NULL,NULL,NULL,NULL,NULL,NULL,'00','0','0','1',NULL,'0',NULL,'1',0,'0','0','1,2,3,4,',0,NULL,NULL,0,0,'0',NULL,NULL,NULL,NULL,NULL,'');
INSERT INTO flow_process (SEQ_ID,FLOW_SEQ_ID,PRCS_ID,PRCS_NAME,PRCS_USER,PRCS_ITEM,HIDDEN_ITEM,PRCS_DEPT,PRCS_PRIV,PRCS_TO,SET_LEFT,SET_TOP,PLUGIN,PRCS_ITEM_AUTO,PRCS_IN,PRCS_OUT,FEEDBACK,PRCS_IN_SET,PRCS_OUT_SET,AUTO_TYPE,AUTO_USER_OP,AUTO_USER,USER_FILTER,TIME_OUT,TIME_EXCEPT,SIGNLOOK,TOP_DEFAULT,USER_LOCK,MAIL_TO,SYNC_DEAL,SYNC_DEAL_CHECK,TURN_PRIV,CHILD_FLOW,GATHER_NODE,ALLOW_BACK,ATTACH_PRIV,AUTO_BASE_USER,CONDITION_DESC,RELATION,REMIND_FLAG,DISP_AIP,TIME_OUT_TYPE,METADATA_ITEM,EXTEND,EXTEND1,AUTO_SELECT_ROLE,DOC_CREATE,DOC_ATTACH_PRIV) VALUES 
  (632,579,3,'填写业务发货信息',NULL,'[A@],发货日期,业务经理,运费结算方式,收货地址,公司名称,发货方式,联系电话,收货人,发货单号,',NULL,'0',NULL,NULL,0,0,NULL,NULL,NULL,NULL,'0',NULL,NULL,NULL,NULL,NULL,NULL,NULL,'00','0','0','1',NULL,'0',NULL,'1',0,'0','0','1,2,3,4,',0,NULL,NULL,0,0,'0',NULL,NULL,NULL,NULL,NULL,'');
INSERT INTO flow_process (SEQ_ID,FLOW_SEQ_ID,PRCS_ID,PRCS_NAME,PRCS_USER,PRCS_ITEM,HIDDEN_ITEM,PRCS_DEPT,PRCS_PRIV,PRCS_TO,SET_LEFT,SET_TOP,PLUGIN,PRCS_ITEM_AUTO,PRCS_IN,PRCS_OUT,FEEDBACK,PRCS_IN_SET,PRCS_OUT_SET,AUTO_TYPE,AUTO_USER_OP,AUTO_USER,USER_FILTER,TIME_OUT,TIME_EXCEPT,SIGNLOOK,TOP_DEFAULT,USER_LOCK,MAIL_TO,SYNC_DEAL,SYNC_DEAL_CHECK,TURN_PRIV,CHILD_FLOW,GATHER_NODE,ALLOW_BACK,ATTACH_PRIV,AUTO_BASE_USER,CONDITION_DESC,RELATION,REMIND_FLAG,DISP_AIP,TIME_OUT_TYPE,METADATA_ITEM,EXTEND,EXTEND1,AUTO_SELECT_ROLE,DOC_CREATE,DOC_ATTACH_PRIV) VALUES 
  (633,579,4,'发货员发货',NULL,'[A@],发货确认日期,发货员,发货员发货信息,',NULL,'0',NULL,NULL,0,0,NULL,NULL,NULL,NULL,'0',NULL,NULL,NULL,NULL,NULL,NULL,NULL,'00','0','0','1',NULL,'0',NULL,'1',0,'0','0','1,2,3,4,',0,NULL,NULL,0,0,'0',NULL,NULL,NULL,NULL,NULL,'');
INSERT INTO flow_process (SEQ_ID,FLOW_SEQ_ID,PRCS_ID,PRCS_NAME,PRCS_USER,PRCS_ITEM,HIDDEN_ITEM,PRCS_DEPT,PRCS_PRIV,PRCS_TO,SET_LEFT,SET_TOP,PLUGIN,PRCS_ITEM_AUTO,PRCS_IN,PRCS_OUT,FEEDBACK,PRCS_IN_SET,PRCS_OUT_SET,AUTO_TYPE,AUTO_USER_OP,AUTO_USER,USER_FILTER,TIME_OUT,TIME_EXCEPT,SIGNLOOK,TOP_DEFAULT,USER_LOCK,MAIL_TO,SYNC_DEAL,SYNC_DEAL_CHECK,TURN_PRIV,CHILD_FLOW,GATHER_NODE,ALLOW_BACK,ATTACH_PRIV,AUTO_BASE_USER,CONDITION_DESC,RELATION,REMIND_FLAG,DISP_AIP,TIME_OUT_TYPE,METADATA_ITEM,EXTEND,EXTEND1,AUTO_SELECT_ROLE,DOC_CREATE,DOC_ATTACH_PRIV) VALUES 
  (634,579,5,'业务反馈信息',NULL,'[A@],反馈日期,反馈业务员,业务确认,',NULL,'0',NULL,'0,',0,0,NULL,NULL,NULL,NULL,'0',NULL,NULL,NULL,NULL,NULL,NULL,NULL,'00','0','0','1',NULL,'0',NULL,'1',0,'0','0','1,2,3,4,',0,NULL,NULL,0,0,'0',NULL,NULL,NULL,NULL,NULL,'');
INSERT INTO flow_process (SEQ_ID,FLOW_SEQ_ID,PRCS_ID,PRCS_NAME,PRCS_USER,PRCS_ITEM,HIDDEN_ITEM,PRCS_DEPT,PRCS_PRIV,PRCS_TO,SET_LEFT,SET_TOP,PLUGIN,PRCS_ITEM_AUTO,PRCS_IN,PRCS_OUT,FEEDBACK,PRCS_IN_SET,PRCS_OUT_SET,AUTO_TYPE,AUTO_USER_OP,AUTO_USER,USER_FILTER,TIME_OUT,TIME_EXCEPT,SIGNLOOK,TOP_DEFAULT,USER_LOCK,MAIL_TO,SYNC_DEAL,SYNC_DEAL_CHECK,TURN_PRIV,CHILD_FLOW,GATHER_NODE,ALLOW_BACK,ATTACH_PRIV,AUTO_BASE_USER,CONDITION_DESC,RELATION,REMIND_FLAG,DISP_AIP,TIME_OUT_TYPE,METADATA_ITEM,EXTEND,EXTEND1,AUTO_SELECT_ROLE,DOC_CREATE,DOC_ATTACH_PRIV) VALUES 
  (635,580,1,'销售人员记录',NULL,'[A@],备注,邮局发货,填写EMS单据,装盒,刻盘,开具发票,邮件发送序列号,客户信息,联系方式,底单传真,联系人,电话,价格,单位,日期,',NULL,'0',NULL,NULL,0,0,NULL,NULL,NULL,NULL,'0',NULL,NULL,NULL,NULL,NULL,NULL,NULL,'00','0','0','1',NULL,'0',NULL,'1',0,'0','0','1,2,3,4,',0,NULL,NULL,0,0,'0',NULL,NULL,NULL,NULL,NULL,'');
INSERT INTO flow_process (SEQ_ID,FLOW_SEQ_ID,PRCS_ID,PRCS_NAME,PRCS_USER,PRCS_ITEM,HIDDEN_ITEM,PRCS_DEPT,PRCS_PRIV,PRCS_TO,SET_LEFT,SET_TOP,PLUGIN,PRCS_ITEM_AUTO,PRCS_IN,PRCS_OUT,FEEDBACK,PRCS_IN_SET,PRCS_OUT_SET,AUTO_TYPE,AUTO_USER_OP,AUTO_USER,USER_FILTER,TIME_OUT,TIME_EXCEPT,SIGNLOOK,TOP_DEFAULT,USER_LOCK,MAIL_TO,SYNC_DEAL,SYNC_DEAL_CHECK,TURN_PRIV,CHILD_FLOW,GATHER_NODE,ALLOW_BACK,ATTACH_PRIV,AUTO_BASE_USER,CONDITION_DESC,RELATION,REMIND_FLAG,DISP_AIP,TIME_OUT_TYPE,METADATA_ITEM,EXTEND,EXTEND1,AUTO_SELECT_ROLE,DOC_CREATE,DOC_ATTACH_PRIV) VALUES 
  (636,580,2,'主管审阅',NULL,'[A@],备注,',NULL,'0',NULL,'1,0',0,0,NULL,NULL,NULL,NULL,'0',NULL,NULL,NULL,NULL,NULL,NULL,NULL,'00','0','0','1',NULL,'0',NULL,'1',0,'0','0','1,2,3,4,',0,NULL,NULL,0,0,'0',NULL,NULL,NULL,NULL,NULL,'');
INSERT INTO flow_process (SEQ_ID,FLOW_SEQ_ID,PRCS_ID,PRCS_NAME,PRCS_USER,PRCS_ITEM,HIDDEN_ITEM,PRCS_DEPT,PRCS_PRIV,PRCS_TO,SET_LEFT,SET_TOP,PLUGIN,PRCS_ITEM_AUTO,PRCS_IN,PRCS_OUT,FEEDBACK,PRCS_IN_SET,PRCS_OUT_SET,AUTO_TYPE,AUTO_USER_OP,AUTO_USER,USER_FILTER,TIME_OUT,TIME_EXCEPT,SIGNLOOK,TOP_DEFAULT,USER_LOCK,MAIL_TO,SYNC_DEAL,SYNC_DEAL_CHECK,TURN_PRIV,CHILD_FLOW,GATHER_NODE,ALLOW_BACK,ATTACH_PRIV,AUTO_BASE_USER,CONDITION_DESC,RELATION,REMIND_FLAG,DISP_AIP,TIME_OUT_TYPE,METADATA_ITEM,EXTEND,EXTEND1,AUTO_SELECT_ROLE,DOC_CREATE,DOC_ATTACH_PRIV) VALUES 
  (637,581,1,'潜在客户登记',NULL,'[A@],用户需求,地址,MSN,QQ,电子邮箱,称谓,电话,姓名,单位,',NULL,'0',NULL,NULL,0,0,NULL,NULL,NULL,NULL,'0',NULL,NULL,NULL,NULL,NULL,NULL,NULL,'00','0','0','1',NULL,'0',NULL,'1',0,'0','0','1,2,3,4,',0,NULL,NULL,0,0,'0',NULL,NULL,NULL,NULL,NULL,'');
INSERT INTO flow_process (SEQ_ID,FLOW_SEQ_ID,PRCS_ID,PRCS_NAME,PRCS_USER,PRCS_ITEM,HIDDEN_ITEM,PRCS_DEPT,PRCS_PRIV,PRCS_TO,SET_LEFT,SET_TOP,PLUGIN,PRCS_ITEM_AUTO,PRCS_IN,PRCS_OUT,FEEDBACK,PRCS_IN_SET,PRCS_OUT_SET,AUTO_TYPE,AUTO_USER_OP,AUTO_USER,USER_FILTER,TIME_OUT,TIME_EXCEPT,SIGNLOOK,TOP_DEFAULT,USER_LOCK,MAIL_TO,SYNC_DEAL,SYNC_DEAL_CHECK,TURN_PRIV,CHILD_FLOW,GATHER_NODE,ALLOW_BACK,ATTACH_PRIV,AUTO_BASE_USER,CONDITION_DESC,RELATION,REMIND_FLAG,DISP_AIP,TIME_OUT_TYPE,METADATA_ITEM,EXTEND,EXTEND1,AUTO_SELECT_ROLE,DOC_CREATE,DOC_ATTACH_PRIV) VALUES 
  (638,581,2,'主管意见',NULL,'[A@],主管意见,',NULL,'0',NULL,NULL,0,0,NULL,NULL,NULL,NULL,'0',NULL,NULL,NULL,NULL,NULL,NULL,NULL,'00','0','0','1',NULL,'0',NULL,'1',0,'0','0','1,2,3,4,',0,NULL,NULL,0,0,'0',NULL,NULL,NULL,NULL,NULL,'');
INSERT INTO flow_process (SEQ_ID,FLOW_SEQ_ID,PRCS_ID,PRCS_NAME,PRCS_USER,PRCS_ITEM,HIDDEN_ITEM,PRCS_DEPT,PRCS_PRIV,PRCS_TO,SET_LEFT,SET_TOP,PLUGIN,PRCS_ITEM_AUTO,PRCS_IN,PRCS_OUT,FEEDBACK,PRCS_IN_SET,PRCS_OUT_SET,AUTO_TYPE,AUTO_USER_OP,AUTO_USER,USER_FILTER,TIME_OUT,TIME_EXCEPT,SIGNLOOK,TOP_DEFAULT,USER_LOCK,MAIL_TO,SYNC_DEAL,SYNC_DEAL_CHECK,TURN_PRIV,CHILD_FLOW,GATHER_NODE,ALLOW_BACK,ATTACH_PRIV,AUTO_BASE_USER,CONDITION_DESC,RELATION,REMIND_FLAG,DISP_AIP,TIME_OUT_TYPE,METADATA_ITEM,EXTEND,EXTEND1,AUTO_SELECT_ROLE,DOC_CREATE,DOC_ATTACH_PRIV) VALUES 
  (639,581,3,'销售员查阅',NULL,'[A@],',NULL,'0',NULL,'0,',0,0,NULL,NULL,NULL,NULL,'0',NULL,NULL,NULL,NULL,NULL,NULL,NULL,'00','0','0','1',NULL,'0',NULL,'1',0,'0','0','1,2,3,4,',0,NULL,NULL,0,0,'0',NULL,NULL,NULL,NULL,NULL,'');
INSERT INTO flow_process (SEQ_ID,FLOW_SEQ_ID,PRCS_ID,PRCS_NAME,PRCS_USER,PRCS_ITEM,HIDDEN_ITEM,PRCS_DEPT,PRCS_PRIV,PRCS_TO,SET_LEFT,SET_TOP,PLUGIN,PRCS_ITEM_AUTO,PRCS_IN,PRCS_OUT,FEEDBACK,PRCS_IN_SET,PRCS_OUT_SET,AUTO_TYPE,AUTO_USER_OP,AUTO_USER,USER_FILTER,TIME_OUT,TIME_EXCEPT,SIGNLOOK,TOP_DEFAULT,USER_LOCK,MAIL_TO,SYNC_DEAL,SYNC_DEAL_CHECK,TURN_PRIV,CHILD_FLOW,GATHER_NODE,ALLOW_BACK,ATTACH_PRIV,AUTO_BASE_USER,CONDITION_DESC,RELATION,REMIND_FLAG,DISP_AIP,TIME_OUT_TYPE,METADATA_ITEM,EXTEND,EXTEND1,AUTO_SELECT_ROLE,DOC_CREATE,DOC_ATTACH_PRIV) VALUES 
  (640,582,1,'登记',NULL,'[A@],分析及处理,反馈内容,反馈方式,电话,联系人,客户名称,登记日期,登记人,',NULL,'0',NULL,NULL,0,0,NULL,NULL,NULL,NULL,'0',NULL,NULL,NULL,NULL,NULL,NULL,NULL,'00','0','0','1',NULL,'0',NULL,'1',0,'0','0','1,2,3,4,',0,NULL,NULL,0,0,'0',NULL,NULL,NULL,NULL,NULL,'');
INSERT INTO flow_process (SEQ_ID,FLOW_SEQ_ID,PRCS_ID,PRCS_NAME,PRCS_USER,PRCS_ITEM,HIDDEN_ITEM,PRCS_DEPT,PRCS_PRIV,PRCS_TO,SET_LEFT,SET_TOP,PLUGIN,PRCS_ITEM_AUTO,PRCS_IN,PRCS_OUT,FEEDBACK,PRCS_IN_SET,PRCS_OUT_SET,AUTO_TYPE,AUTO_USER_OP,AUTO_USER,USER_FILTER,TIME_OUT,TIME_EXCEPT,SIGNLOOK,TOP_DEFAULT,USER_LOCK,MAIL_TO,SYNC_DEAL,SYNC_DEAL_CHECK,TURN_PRIV,CHILD_FLOW,GATHER_NODE,ALLOW_BACK,ATTACH_PRIV,AUTO_BASE_USER,CONDITION_DESC,RELATION,REMIND_FLAG,DISP_AIP,TIME_OUT_TYPE,METADATA_ITEM,EXTEND,EXTEND1,AUTO_SELECT_ROLE,DOC_CREATE,DOC_ATTACH_PRIV) VALUES 
  (641,582,2,'主管意见',NULL,'[A@],主管意见,',NULL,'0',NULL,NULL,0,0,NULL,NULL,NULL,NULL,'0',NULL,NULL,NULL,NULL,NULL,NULL,NULL,'00','0','0','1',NULL,'0',NULL,'1',0,'0','0','1,2,3,4,',0,NULL,NULL,0,0,'0',NULL,NULL,NULL,NULL,NULL,'');
INSERT INTO flow_process (SEQ_ID,FLOW_SEQ_ID,PRCS_ID,PRCS_NAME,PRCS_USER,PRCS_ITEM,HIDDEN_ITEM,PRCS_DEPT,PRCS_PRIV,PRCS_TO,SET_LEFT,SET_TOP,PLUGIN,PRCS_ITEM_AUTO,PRCS_IN,PRCS_OUT,FEEDBACK,PRCS_IN_SET,PRCS_OUT_SET,AUTO_TYPE,AUTO_USER_OP,AUTO_USER,USER_FILTER,TIME_OUT,TIME_EXCEPT,SIGNLOOK,TOP_DEFAULT,USER_LOCK,MAIL_TO,SYNC_DEAL,SYNC_DEAL_CHECK,TURN_PRIV,CHILD_FLOW,GATHER_NODE,ALLOW_BACK,ATTACH_PRIV,AUTO_BASE_USER,CONDITION_DESC,RELATION,REMIND_FLAG,DISP_AIP,TIME_OUT_TYPE,METADATA_ITEM,EXTEND,EXTEND1,AUTO_SELECT_ROLE,DOC_CREATE,DOC_ATTACH_PRIV) VALUES 
  (642,582,3,'有关人员处理',NULL,'[A@],分析及处理,',NULL,'0',NULL,'0,',0,0,NULL,NULL,NULL,NULL,'0',NULL,NULL,NULL,NULL,NULL,NULL,NULL,'00','0','0','1',NULL,'0',NULL,'1',0,'0','0','1,2,3,4,',0,NULL,NULL,0,0,'0',NULL,NULL,NULL,NULL,NULL,'');
INSERT INTO flow_process (SEQ_ID,FLOW_SEQ_ID,PRCS_ID,PRCS_NAME,PRCS_USER,PRCS_ITEM,HIDDEN_ITEM,PRCS_DEPT,PRCS_PRIV,PRCS_TO,SET_LEFT,SET_TOP,PLUGIN,PRCS_ITEM_AUTO,PRCS_IN,PRCS_OUT,FEEDBACK,PRCS_IN_SET,PRCS_OUT_SET,AUTO_TYPE,AUTO_USER_OP,AUTO_USER,USER_FILTER,TIME_OUT,TIME_EXCEPT,SIGNLOOK,TOP_DEFAULT,USER_LOCK,MAIL_TO,SYNC_DEAL,SYNC_DEAL_CHECK,TURN_PRIV,CHILD_FLOW,GATHER_NODE,ALLOW_BACK,ATTACH_PRIV,AUTO_BASE_USER,CONDITION_DESC,RELATION,REMIND_FLAG,DISP_AIP,TIME_OUT_TYPE,METADATA_ITEM,EXTEND,EXTEND1,AUTO_SELECT_ROLE,DOC_CREATE,DOC_ATTACH_PRIV) VALUES 
  (643,575,1,'测试步骤','','[A@],[B@],保密字段,日期差值计算,签章控件:部门签字,签章控件:领导签名,下拉菜单,选择项-是否批准,办理日期,选择部门人员,IP地址,文号计数器,当前用户姓名,当前日期中文,当前日期,最大值,数值3,数值2,数值1,列表测试,',NULL,'0','','',0,0,NULL,NULL,NULL,NULL,'0',NULL,NULL,NULL,NULL,NULL,NULL,NULL,'00','0','0','1',NULL,'0',NULL,'1',0,'0','0','1,2,3,4,',0,NULL,NULL,0,0,'0',NULL,NULL,NULL,NULL,NULL,'');
INSERT INTO flow_sort (SEQ_ID,SORT_NO,SORT_NAME,DEPT_ID,HAVE_CHILD,SORT_PARENT) VALUES 
  (121,8,'固定资产',0,'0',0);
INSERT INTO flow_sort (SEQ_ID,SORT_NO,SORT_NAME,DEPT_ID,HAVE_CHILD,SORT_PARENT) VALUES 
  (101,3,'行政',0,'0',0);
INSERT INTO flow_sort (SEQ_ID,SORT_NO,SORT_NAME,DEPT_ID,HAVE_CHILD,SORT_PARENT) VALUES 
  (182,4,'人事',0,'0',0);
INSERT INTO flow_sort (SEQ_ID,SORT_NO,SORT_NAME,DEPT_ID,HAVE_CHILD,SORT_PARENT) VALUES 
  (183,5,'财务',0,'0',0);
INSERT INTO flow_sort (SEQ_ID,SORT_NO,SORT_NAME,DEPT_ID,HAVE_CHILD,SORT_PARENT) VALUES 
  (161,9,'发文',0,'0',0);
INSERT INTO flow_sort (SEQ_ID,SORT_NO,SORT_NAME,DEPT_ID,HAVE_CHILD,SORT_PARENT) VALUES 
  (162,10,'收文',0,'0',0);
INSERT INTO flow_sort (SEQ_ID,SORT_NO,SORT_NAME,DEPT_ID,HAVE_CHILD,SORT_PARENT) VALUES 
  (184,5,'研发',0,'0',0);
INSERT INTO flow_sort (SEQ_ID,SORT_NO,SORT_NAME,DEPT_ID,HAVE_CHILD,SORT_PARENT) VALUES 
  (185,6,'生产',0,'0',0);
INSERT INTO flow_sort (SEQ_ID,SORT_NO,SORT_NAME,DEPT_ID,HAVE_CHILD,SORT_PARENT) VALUES 
  (186,7,'销售',0,'0',0);
INSERT INTO flow_type (SEQ_ID,FLOW_NAME,FORM_SEQ_ID,FLOW_DOC,FLOW_TYPE,MANAGE_USER,FLOW_NO,FLOW_SORT,AUTO_NAME,AUTO_NUM,AUTO_LEN,QUERY_USER,FLOW_DESC,AUTO_EDIT,NEW_USER,QUERY_ITEM,COMMENT_PRIV,DEPT_ID,FREE_PRESET,FREE_OTHER,QUERY_USER_DEPT,MANAGE_USER_DEPT,EDIT_PRIV,MODEL_ID,MODEL_NAME,LIST_FLDS_STR,ALLOW_PRE_SET,IS_SYSTEM) VALUES 
  (281,'固定资产申请领用',301,'1','1',NULL,3,121,NULL,-5,0,NULL,NULL,'1',NULL,NULL,'3',0,'0','2',NULL,NULL,NULL,NULL,NULL,NULL,'0',1);
INSERT INTO flow_type (SEQ_ID,FLOW_NAME,FORM_SEQ_ID,FLOW_DOC,FLOW_TYPE,MANAGE_USER,FLOW_NO,FLOW_SORT,AUTO_NAME,AUTO_NUM,AUTO_LEN,QUERY_USER,FLOW_DESC,AUTO_EDIT,NEW_USER,QUERY_ITEM,COMMENT_PRIV,DEPT_ID,FREE_PRESET,FREE_OTHER,QUERY_USER_DEPT,MANAGE_USER_DEPT,EDIT_PRIV,MODEL_ID,MODEL_NAME,LIST_FLDS_STR,ALLOW_PRE_SET,IS_SYSTEM) VALUES 
  (282,'固定资产返库',302,'1','1','|64|',4,121,NULL,-5,0,NULL,NULL,'1',NULL,NULL,'3',0,'0','2',NULL,NULL,NULL,NULL,NULL,NULL,'0',1);
INSERT INTO flow_type (SEQ_ID,FLOW_NAME,FORM_SEQ_ID,FLOW_DOC,FLOW_TYPE,MANAGE_USER,FLOW_NO,FLOW_SORT,AUTO_NAME,AUTO_NUM,AUTO_LEN,QUERY_USER,FLOW_DESC,AUTO_EDIT,NEW_USER,QUERY_ITEM,COMMENT_PRIV,DEPT_ID,FREE_PRESET,FREE_OTHER,QUERY_USER_DEPT,MANAGE_USER_DEPT,EDIT_PRIV,MODEL_ID,MODEL_NAME,LIST_FLDS_STR,ALLOW_PRE_SET,IS_SYSTEM) VALUES 
  (283,'固定资产入库',303,'1','1',NULL,1,121,NULL,0,0,NULL,NULL,'1',NULL,NULL,'3',0,'0','2',NULL,NULL,NULL,NULL,NULL,NULL,'0',1);
INSERT INTO flow_type (SEQ_ID,FLOW_NAME,FORM_SEQ_ID,FLOW_DOC,FLOW_TYPE,MANAGE_USER,FLOW_NO,FLOW_SORT,AUTO_NAME,AUTO_NUM,AUTO_LEN,QUERY_USER,FLOW_DESC,AUTO_EDIT,NEW_USER,QUERY_ITEM,COMMENT_PRIV,DEPT_ID,FREE_PRESET,FREE_OTHER,QUERY_USER_DEPT,MANAGE_USER_DEPT,EDIT_PRIV,MODEL_ID,MODEL_NAME,LIST_FLDS_STR,ALLOW_PRE_SET,IS_SYSTEM) VALUES 
  (284,'固定资产交接',304,'1','1',NULL,2,121,NULL,-7,0,NULL,NULL,'1',NULL,NULL,'3',0,'0','2',NULL,NULL,NULL,NULL,NULL,NULL,'0',1);
INSERT INTO flow_type (SEQ_ID,FLOW_NAME,FORM_SEQ_ID,FLOW_DOC,FLOW_TYPE,MANAGE_USER,FLOW_NO,FLOW_SORT,AUTO_NAME,AUTO_NUM,AUTO_LEN,QUERY_USER,FLOW_DESC,AUTO_EDIT,NEW_USER,QUERY_ITEM,COMMENT_PRIV,DEPT_ID,FREE_PRESET,FREE_OTHER,QUERY_USER_DEPT,MANAGE_USER_DEPT,EDIT_PRIV,MODEL_ID,MODEL_NAME,LIST_FLDS_STR,ALLOW_PRE_SET,IS_SYSTEM) VALUES 
  (185,'发文',503,'1','1',NULL,3,161,'',0,0,NULL,'','1',NULL,NULL,'3',0,'0','2',NULL,NULL,NULL,NULL,NULL,'','0',1);
INSERT INTO flow_type (SEQ_ID,FLOW_NAME,FORM_SEQ_ID,FLOW_DOC,FLOW_TYPE,MANAGE_USER,FLOW_NO,FLOW_SORT,AUTO_NAME,AUTO_NUM,AUTO_LEN,QUERY_USER,FLOW_DESC,AUTO_EDIT,NEW_USER,QUERY_ITEM,COMMENT_PRIV,DEPT_ID,FREE_PRESET,FREE_OTHER,QUERY_USER_DEPT,MANAGE_USER_DEPT,EDIT_PRIV,MODEL_ID,MODEL_NAME,LIST_FLDS_STR,ALLOW_PRE_SET,IS_SYSTEM) VALUES 
  (563,'出差申请',565,'1','1',NULL,2,182,NULL,0,0,NULL,NULL,'1',NULL,NULL,'0',0,'1','2',NULL,NULL,NULL,NULL,NULL,NULL,'0',0);
INSERT INTO flow_type (SEQ_ID,FLOW_NAME,FORM_SEQ_ID,FLOW_DOC,FLOW_TYPE,MANAGE_USER,FLOW_NO,FLOW_SORT,AUTO_NAME,AUTO_NUM,AUTO_LEN,QUERY_USER,FLOW_DESC,AUTO_EDIT,NEW_USER,QUERY_ITEM,COMMENT_PRIV,DEPT_ID,FREE_PRESET,FREE_OTHER,QUERY_USER_DEPT,MANAGE_USER_DEPT,EDIT_PRIV,MODEL_ID,MODEL_NAME,LIST_FLDS_STR,ALLOW_PRE_SET,IS_SYSTEM) VALUES 
  (561,'公文批办',562,'1','1',NULL,0,162,'',0,0,NULL,'','1',NULL,NULL,'3',0,'0','2',NULL,NULL,NULL,NULL,NULL,'','0',1);
INSERT INTO flow_type (SEQ_ID,FLOW_NAME,FORM_SEQ_ID,FLOW_DOC,FLOW_TYPE,MANAGE_USER,FLOW_NO,FLOW_SORT,AUTO_NAME,AUTO_NUM,AUTO_LEN,QUERY_USER,FLOW_DESC,AUTO_EDIT,NEW_USER,QUERY_ITEM,COMMENT_PRIV,DEPT_ID,FREE_PRESET,FREE_OTHER,QUERY_USER_DEPT,MANAGE_USER_DEPT,EDIT_PRIV,MODEL_ID,MODEL_NAME,LIST_FLDS_STR,ALLOW_PRE_SET,IS_SYSTEM) VALUES 
  (562,'请假申请',564,'1','1',NULL,1,182,'',0,0,NULL,'','1',NULL,NULL,'0',0,'1','2',NULL,NULL,NULL,NULL,NULL,'','0',0);
INSERT INTO flow_type (SEQ_ID,FLOW_NAME,FORM_SEQ_ID,FLOW_DOC,FLOW_TYPE,MANAGE_USER,FLOW_NO,FLOW_SORT,AUTO_NAME,AUTO_NUM,AUTO_LEN,QUERY_USER,FLOW_DESC,AUTO_EDIT,NEW_USER,QUERY_ITEM,COMMENT_PRIV,DEPT_ID,FREE_PRESET,FREE_OTHER,QUERY_USER_DEPT,MANAGE_USER_DEPT,EDIT_PRIV,MODEL_ID,MODEL_NAME,LIST_FLDS_STR,ALLOW_PRE_SET,IS_SYSTEM) VALUES 
  (573,'请款(借支)申请',575,'1','1',NULL,1,183,NULL,0,0,NULL,NULL,'1',NULL,NULL,'0',0,'1','2',NULL,NULL,NULL,NULL,NULL,NULL,'0',0);
INSERT INTO flow_type (SEQ_ID,FLOW_NAME,FORM_SEQ_ID,FLOW_DOC,FLOW_TYPE,MANAGE_USER,FLOW_NO,FLOW_SORT,AUTO_NAME,AUTO_NUM,AUTO_LEN,QUERY_USER,FLOW_DESC,AUTO_EDIT,NEW_USER,QUERY_ITEM,COMMENT_PRIV,DEPT_ID,FREE_PRESET,FREE_OTHER,QUERY_USER_DEPT,MANAGE_USER_DEPT,EDIT_PRIV,MODEL_ID,MODEL_NAME,LIST_FLDS_STR,ALLOW_PRE_SET,IS_SYSTEM) VALUES 
  (564,'工作交办',566,'1','1',NULL,1,101,NULL,0,0,NULL,NULL,'1',NULL,NULL,'0',0,'1','2',NULL,NULL,NULL,NULL,NULL,NULL,'0',0);
INSERT INTO flow_type (SEQ_ID,FLOW_NAME,FORM_SEQ_ID,FLOW_DOC,FLOW_TYPE,MANAGE_USER,FLOW_NO,FLOW_SORT,AUTO_NAME,AUTO_NUM,AUTO_LEN,QUERY_USER,FLOW_DESC,AUTO_EDIT,NEW_USER,QUERY_ITEM,COMMENT_PRIV,DEPT_ID,FREE_PRESET,FREE_OTHER,QUERY_USER_DEPT,MANAGE_USER_DEPT,EDIT_PRIV,MODEL_ID,MODEL_NAME,LIST_FLDS_STR,ALLOW_PRE_SET,IS_SYSTEM) VALUES 
  (565,'督查督办',567,'1','1',NULL,2,101,NULL,0,0,NULL,NULL,'1',NULL,NULL,'0',0,'1','2',NULL,NULL,NULL,NULL,NULL,NULL,'0',0);
INSERT INTO flow_type (SEQ_ID,FLOW_NAME,FORM_SEQ_ID,FLOW_DOC,FLOW_TYPE,MANAGE_USER,FLOW_NO,FLOW_SORT,AUTO_NAME,AUTO_NUM,AUTO_LEN,QUERY_USER,FLOW_DESC,AUTO_EDIT,NEW_USER,QUERY_ITEM,COMMENT_PRIV,DEPT_ID,FREE_PRESET,FREE_OTHER,QUERY_USER_DEPT,MANAGE_USER_DEPT,EDIT_PRIV,MODEL_ID,MODEL_NAME,LIST_FLDS_STR,ALLOW_PRE_SET,IS_SYSTEM) VALUES 
  (566,'值班登记',568,'1','1',NULL,3,101,NULL,0,0,NULL,NULL,'1',NULL,NULL,'0',0,'1','2',NULL,NULL,NULL,NULL,NULL,NULL,'0',0);
INSERT INTO flow_type (SEQ_ID,FLOW_NAME,FORM_SEQ_ID,FLOW_DOC,FLOW_TYPE,MANAGE_USER,FLOW_NO,FLOW_SORT,AUTO_NAME,AUTO_NUM,AUTO_LEN,QUERY_USER,FLOW_DESC,AUTO_EDIT,NEW_USER,QUERY_ITEM,COMMENT_PRIV,DEPT_ID,FREE_PRESET,FREE_OTHER,QUERY_USER_DEPT,MANAGE_USER_DEPT,EDIT_PRIV,MODEL_ID,MODEL_NAME,LIST_FLDS_STR,ALLOW_PRE_SET,IS_SYSTEM) VALUES 
  (567,'办公用品申领',569,'1','1',NULL,4,101,NULL,0,0,NULL,NULL,'1',NULL,NULL,'0',0,'1','2',NULL,NULL,NULL,NULL,NULL,NULL,'0',0);
INSERT INTO flow_type (SEQ_ID,FLOW_NAME,FORM_SEQ_ID,FLOW_DOC,FLOW_TYPE,MANAGE_USER,FLOW_NO,FLOW_SORT,AUTO_NAME,AUTO_NUM,AUTO_LEN,QUERY_USER,FLOW_DESC,AUTO_EDIT,NEW_USER,QUERY_ITEM,COMMENT_PRIV,DEPT_ID,FREE_PRESET,FREE_OTHER,QUERY_USER_DEPT,MANAGE_USER_DEPT,EDIT_PRIV,MODEL_ID,MODEL_NAME,LIST_FLDS_STR,ALLOW_PRE_SET,IS_SYSTEM) VALUES 
  (568,'会议申请',570,'1','1',NULL,5,101,NULL,0,0,NULL,NULL,'1',NULL,NULL,'0',0,'1','2',NULL,NULL,NULL,NULL,NULL,NULL,'0',0);
INSERT INTO flow_type (SEQ_ID,FLOW_NAME,FORM_SEQ_ID,FLOW_DOC,FLOW_TYPE,MANAGE_USER,FLOW_NO,FLOW_SORT,AUTO_NAME,AUTO_NUM,AUTO_LEN,QUERY_USER,FLOW_DESC,AUTO_EDIT,NEW_USER,QUERY_ITEM,COMMENT_PRIV,DEPT_ID,FREE_PRESET,FREE_OTHER,QUERY_USER_DEPT,MANAGE_USER_DEPT,EDIT_PRIV,MODEL_ID,MODEL_NAME,LIST_FLDS_STR,ALLOW_PRE_SET,IS_SYSTEM) VALUES 
  (569,'用车申请',571,'1','1',NULL,6,101,NULL,0,0,NULL,NULL,'1',NULL,NULL,'0',0,'1','2',NULL,NULL,NULL,NULL,NULL,NULL,'0',0);
INSERT INTO flow_type (SEQ_ID,FLOW_NAME,FORM_SEQ_ID,FLOW_DOC,FLOW_TYPE,MANAGE_USER,FLOW_NO,FLOW_SORT,AUTO_NAME,AUTO_NUM,AUTO_LEN,QUERY_USER,FLOW_DESC,AUTO_EDIT,NEW_USER,QUERY_ITEM,COMMENT_PRIV,DEPT_ID,FREE_PRESET,FREE_OTHER,QUERY_USER_DEPT,MANAGE_USER_DEPT,EDIT_PRIV,MODEL_ID,MODEL_NAME,LIST_FLDS_STR,ALLOW_PRE_SET,IS_SYSTEM) VALUES 
  (570,'复印登记',572,'1','1',NULL,7,101,NULL,0,0,NULL,NULL,'1',NULL,NULL,'0',0,'1','2',NULL,NULL,NULL,NULL,NULL,NULL,'0',0);
INSERT INTO flow_type (SEQ_ID,FLOW_NAME,FORM_SEQ_ID,FLOW_DOC,FLOW_TYPE,MANAGE_USER,FLOW_NO,FLOW_SORT,AUTO_NAME,AUTO_NUM,AUTO_LEN,QUERY_USER,FLOW_DESC,AUTO_EDIT,NEW_USER,QUERY_ITEM,COMMENT_PRIV,DEPT_ID,FREE_PRESET,FREE_OTHER,QUERY_USER_DEPT,MANAGE_USER_DEPT,EDIT_PRIV,MODEL_ID,MODEL_NAME,LIST_FLDS_STR,ALLOW_PRE_SET,IS_SYSTEM) VALUES 
  (571,'加班登记',573,'1','1',NULL,3,182,NULL,0,0,NULL,NULL,'1',NULL,NULL,'0',0,'1','2',NULL,NULL,NULL,NULL,NULL,NULL,'0',0);
INSERT INTO flow_type (SEQ_ID,FLOW_NAME,FORM_SEQ_ID,FLOW_DOC,FLOW_TYPE,MANAGE_USER,FLOW_NO,FLOW_SORT,AUTO_NAME,AUTO_NUM,AUTO_LEN,QUERY_USER,FLOW_DESC,AUTO_EDIT,NEW_USER,QUERY_ITEM,COMMENT_PRIV,DEPT_ID,FREE_PRESET,FREE_OTHER,QUERY_USER_DEPT,MANAGE_USER_DEPT,EDIT_PRIV,MODEL_ID,MODEL_NAME,LIST_FLDS_STR,ALLOW_PRE_SET,IS_SYSTEM) VALUES 
  (572,'奖惩拟案',574,'1','1',NULL,4,182,NULL,0,0,NULL,NULL,'1',NULL,NULL,'0',0,'1','2',NULL,NULL,NULL,NULL,NULL,NULL,'0',0);
INSERT INTO flow_type (SEQ_ID,FLOW_NAME,FORM_SEQ_ID,FLOW_DOC,FLOW_TYPE,MANAGE_USER,FLOW_NO,FLOW_SORT,AUTO_NAME,AUTO_NUM,AUTO_LEN,QUERY_USER,FLOW_DESC,AUTO_EDIT,NEW_USER,QUERY_ITEM,COMMENT_PRIV,DEPT_ID,FREE_PRESET,FREE_OTHER,QUERY_USER_DEPT,MANAGE_USER_DEPT,EDIT_PRIV,MODEL_ID,MODEL_NAME,LIST_FLDS_STR,ALLOW_PRE_SET,IS_SYSTEM) VALUES 
  (574,'日常收支记录',576,'1','1',NULL,2,183,NULL,0,0,NULL,NULL,'1',NULL,NULL,'0',0,'1','2',NULL,NULL,NULL,NULL,NULL,NULL,'0',0);
INSERT INTO flow_type (SEQ_ID,FLOW_NAME,FORM_SEQ_ID,FLOW_DOC,FLOW_TYPE,MANAGE_USER,FLOW_NO,FLOW_SORT,AUTO_NAME,AUTO_NUM,AUTO_LEN,QUERY_USER,FLOW_DESC,AUTO_EDIT,NEW_USER,QUERY_ITEM,COMMENT_PRIV,DEPT_ID,FREE_PRESET,FREE_OTHER,QUERY_USER_DEPT,MANAGE_USER_DEPT,EDIT_PRIV,MODEL_ID,MODEL_NAME,LIST_FLDS_STR,ALLOW_PRE_SET,IS_SYSTEM) VALUES 
  (575,'智能表单功能测试',577,'1','1',NULL,1,184,NULL,0,0,NULL,NULL,'1',NULL,NULL,'0',0,'1','2',NULL,NULL,NULL,NULL,NULL,NULL,'0',0);
INSERT INTO flow_type (SEQ_ID,FLOW_NAME,FORM_SEQ_ID,FLOW_DOC,FLOW_TYPE,MANAGE_USER,FLOW_NO,FLOW_SORT,AUTO_NAME,AUTO_NUM,AUTO_LEN,QUERY_USER,FLOW_DESC,AUTO_EDIT,NEW_USER,QUERY_ITEM,COMMENT_PRIV,DEPT_ID,FREE_PRESET,FREE_OTHER,QUERY_USER_DEPT,MANAGE_USER_DEPT,EDIT_PRIV,MODEL_ID,MODEL_NAME,LIST_FLDS_STR,ALLOW_PRE_SET,IS_SYSTEM) VALUES 
  (576,'立项申请',578,'1','1',NULL,2,184,NULL,0,0,NULL,NULL,'1',NULL,NULL,'0',0,'1','2',NULL,NULL,NULL,NULL,NULL,NULL,'0',0);
INSERT INTO flow_type (SEQ_ID,FLOW_NAME,FORM_SEQ_ID,FLOW_DOC,FLOW_TYPE,MANAGE_USER,FLOW_NO,FLOW_SORT,AUTO_NAME,AUTO_NUM,AUTO_LEN,QUERY_USER,FLOW_DESC,AUTO_EDIT,NEW_USER,QUERY_ITEM,COMMENT_PRIV,DEPT_ID,FREE_PRESET,FREE_OTHER,QUERY_USER_DEPT,MANAGE_USER_DEPT,EDIT_PRIV,MODEL_ID,MODEL_NAME,LIST_FLDS_STR,ALLOW_PRE_SET,IS_SYSTEM) VALUES 
  (577,'产品修改申请',579,'1','1',NULL,1,185,NULL,0,0,NULL,NULL,'1',NULL,NULL,'0',0,'1','2',NULL,NULL,NULL,NULL,NULL,NULL,'0',0);
INSERT INTO flow_type (SEQ_ID,FLOW_NAME,FORM_SEQ_ID,FLOW_DOC,FLOW_TYPE,MANAGE_USER,FLOW_NO,FLOW_SORT,AUTO_NAME,AUTO_NUM,AUTO_LEN,QUERY_USER,FLOW_DESC,AUTO_EDIT,NEW_USER,QUERY_ITEM,COMMENT_PRIV,DEPT_ID,FREE_PRESET,FREE_OTHER,QUERY_USER_DEPT,MANAGE_USER_DEPT,EDIT_PRIV,MODEL_ID,MODEL_NAME,LIST_FLDS_STR,ALLOW_PRE_SET,IS_SYSTEM) VALUES 
  (578,'产品质量检查报告',580,'1','1',NULL,2,185,NULL,0,0,NULL,NULL,'1',NULL,NULL,'0',0,'1','2',NULL,NULL,NULL,NULL,NULL,NULL,'0',0);
INSERT INTO flow_type (SEQ_ID,FLOW_NAME,FORM_SEQ_ID,FLOW_DOC,FLOW_TYPE,MANAGE_USER,FLOW_NO,FLOW_SORT,AUTO_NAME,AUTO_NUM,AUTO_LEN,QUERY_USER,FLOW_DESC,AUTO_EDIT,NEW_USER,QUERY_ITEM,COMMENT_PRIV,DEPT_ID,FREE_PRESET,FREE_OTHER,QUERY_USER_DEPT,MANAGE_USER_DEPT,EDIT_PRIV,MODEL_ID,MODEL_NAME,LIST_FLDS_STR,ALLOW_PRE_SET,IS_SYSTEM) VALUES 
  (579,'订单、生产、发货',581,'1','1',NULL,1,186,NULL,0,0,NULL,NULL,'1',NULL,NULL,'0',0,'1','2',NULL,NULL,NULL,NULL,NULL,NULL,'0',0);
INSERT INTO flow_type (SEQ_ID,FLOW_NAME,FORM_SEQ_ID,FLOW_DOC,FLOW_TYPE,MANAGE_USER,FLOW_NO,FLOW_SORT,AUTO_NAME,AUTO_NUM,AUTO_LEN,QUERY_USER,FLOW_DESC,AUTO_EDIT,NEW_USER,QUERY_ITEM,COMMENT_PRIV,DEPT_ID,FREE_PRESET,FREE_OTHER,QUERY_USER_DEPT,MANAGE_USER_DEPT,EDIT_PRIV,MODEL_ID,MODEL_NAME,LIST_FLDS_STR,ALLOW_PRE_SET,IS_SYSTEM) VALUES 
  (580,'软件销售记录',582,'1','1',NULL,2,186,NULL,0,0,NULL,NULL,'1',NULL,NULL,'0',0,'1','2',NULL,NULL,NULL,NULL,NULL,NULL,'0',0);
INSERT INTO flow_type (SEQ_ID,FLOW_NAME,FORM_SEQ_ID,FLOW_DOC,FLOW_TYPE,MANAGE_USER,FLOW_NO,FLOW_SORT,AUTO_NAME,AUTO_NUM,AUTO_LEN,QUERY_USER,FLOW_DESC,AUTO_EDIT,NEW_USER,QUERY_ITEM,COMMENT_PRIV,DEPT_ID,FREE_PRESET,FREE_OTHER,QUERY_USER_DEPT,MANAGE_USER_DEPT,EDIT_PRIV,MODEL_ID,MODEL_NAME,LIST_FLDS_STR,ALLOW_PRE_SET,IS_SYSTEM) VALUES 
  (581,'潜在客户登记',583,'1','1',NULL,3,186,NULL,0,0,NULL,NULL,'1',NULL,NULL,'0',0,'1','2',NULL,NULL,NULL,NULL,NULL,NULL,'0',0);
INSERT INTO flow_type (SEQ_ID,FLOW_NAME,FORM_SEQ_ID,FLOW_DOC,FLOW_TYPE,MANAGE_USER,FLOW_NO,FLOW_SORT,AUTO_NAME,AUTO_NUM,AUTO_LEN,QUERY_USER,FLOW_DESC,AUTO_EDIT,NEW_USER,QUERY_ITEM,COMMENT_PRIV,DEPT_ID,FREE_PRESET,FREE_OTHER,QUERY_USER_DEPT,MANAGE_USER_DEPT,EDIT_PRIV,MODEL_ID,MODEL_NAME,LIST_FLDS_STR,ALLOW_PRE_SET,IS_SYSTEM) VALUES 
  (582,'客户反馈登记',584,'1','1',NULL,4,186,NULL,0,0,NULL,NULL,'1',NULL,NULL,'0',0,'1','2',NULL,NULL,NULL,NULL,NULL,NULL,'0',0);

